<?xml version='1.0' encoding='UTF-8'?>
<!DOCTYPE X3D PUBLIC 'ISO//Web3D//DTD X3D 3.3//EN' 'http://www.web3d.org/specifications/x3d-3.3.dtd'>
<X3D profile='Interchange' version='3.3' xmlns:xsd='http://www.w3.org/2001/XMLSchema-instance'>
  <Scene>
    <Background skyColor='0.05 0.05 0.05'/>
    <Transform translation='0.0000 0.0000 1.0000'>
      <Shape>
        <Appearance><Material diffuseColor='0.800 0.800 0.800'/></Appearance>
        <IndexedFaceSet coordIndex='4 1970 20 21 -1 16 15 47 -1 11 1977 34 35 -1 1971 4 21 22 -1 12 11 35 36 -1 1972 1971 22 23 -1 13 12 36 37 -1 1973 1972 23 24 -1 1978 13 37 38 -1 1974 1973 24 25 -1 1979 1978 38 39 -1 1975 1974 25 26 -1 1980 1979 39 40 -1 5 1975 26 27 -1 1981 1980 40 41 -1 6 5 27 28 -1 1982 1981 41 42 -1 7 6 28 29 -1 1983 1982 42 43 -1 1976 7 29 30 -1 1 0 17 -1 1984 1983 43 44 -1 8 1976 30 31 -1 2 1 17 18 -1 14 1984 44 45 -1 9 8 31 32 -1 3 2 18 19 -1 1985 14 45 46 -1 10 9 32 33 -1 1970 3 19 20 -1 15 1985 46 47 -1 1977 10 33 34 -1 29 28 59 60 -1 43 42 73 74 -1 30 29 60 61 -1 17 0 48 -1 44 43 74 75 -1 31 30 61 62 -1 18 17 48 49 -1 45 44 75 76 -1 32 31 62 63 -1 19 18 49 50 -1 46 45 76 77 -1 33 32 63 64 -1 20 19 50 51 -1 47 46 77 78 -1 34 33 64 65 -1 21 20 51 52 -1 16 47 78 -1 35 34 65 66 -1 22 21 52 53 -1 36 35 66 67 -1 23 22 53 54 -1 37 36 67 68 -1 24 23 54 55 -1 38 37 68 69 -1 25 24 55 56 -1 39 38 69 70 -1 26 25 56 57 -1 40 39 70 71 -1 27 26 57 58 -1 41 40 71 72 -1 28 27 58 59 -1 42 41 72 73 -1 62 61 92 93 -1 49 48 79 80 -1 76 75 106 107 -1 63 62 93 94 -1 50 49 80 81 -1 77 76 107 108 -1 64 63 94 95 -1 51 50 81 82 -1 78 77 108 109 -1 65 64 95 96 -1 52 51 82 83 -1 16 78 109 -1 66 65 96 97 -1 53 52 83 84 -1 67 66 97 98 -1 54 53 84 85 -1 68 67 98 99 -1 55 54 85 86 -1 69 68 99 100 -1 56 55 86 87 -1 70 69 100 101 -1 57 56 87 88 -1 71 70 101 102 -1 58 57 88 89 -1 72 71 102 103 -1 59 58 89 90 -1 73 72 103 104 -1 60 59 90 91 -1 74 73 104 105 -1 61 60 91 92 -1 48 0 79 -1 75 74 105 106 -1 95 94 125 126 -1 82 81 112 113 -1 109 108 139 140 -1 96 95 126 127 -1 83 82 113 114 -1 16 109 140 -1 97 96 127 128 -1 84 83 114 115 -1 98 97 128 129 -1 85 84 115 116 -1 99 98 129 130 -1 86 85 116 117 -1 100 99 130 131 -1 87 86 117 118 -1 101 100 131 132 -1 88 87 118 119 -1 102 101 132 133 -1 89 88 119 120 -1 103 102 133 134 -1 90 89 120 121 -1 104 103 134 135 -1 91 90 121 122 -1 105 104 135 136 -1 92 91 122 123 -1 79 0 110 -1 106 105 136 137 -1 93 92 123 124 -1 80 79 110 111 -1 107 106 137 138 -1 94 93 124 125 -1 81 80 111 112 -1 108 107 138 139 -1 128 127 158 159 -1 115 114 145 146 -1 129 128 159 160 -1 116 115 146 147 -1 130 129 160 161 -1 117 116 147 148 -1 131 130 161 162 -1 118 117 148 149 -1 132 131 162 163 -1 119 118 149 150 -1 133 132 163 164 -1 120 119 150 151 -1 134 133 164 165 -1 121 120 151 152 -1 135 134 165 166 -1 122 121 152 153 -1 136 135 166 167 -1 123 122 153 154 -1 110 0 141 -1 137 136 167 168 -1 124 123 154 155 -1 111 110 141 142 -1 138 137 168 169 -1 125 124 155 156 -1 112 111 142 143 -1 139 138 169 170 -1 126 125 156 157 -1 113 112 143 144 -1 140 139 170 171 -1 127 126 157 158 -1 114 113 144 145 -1 16 140 171 -1 161 160 191 192 -1 148 147 178 179 -1 162 161 192 193 -1 149 148 179 180 -1 163 162 193 194 -1 150 149 180 181 -1 164 163 194 195 -1 151 150 181 182 -1 165 164 195 196 -1 152 151 182 183 -1 166 165 196 197 -1 153 152 183 184 -1 167 166 197 198 -1 154 153 184 185 -1 141 0 172 -1 168 167 198 199 -1 155 154 185 186 -1 142 141 172 173 -1 169 168 199 200 -1 156 155 186 187 -1 143 142 173 174 -1 170 169 200 201 -1 157 156 187 188 -1 144 143 174 175 -1 171 170 201 202 -1 158 157 188 189 -1 145 144 175 176 -1 16 171 202 -1 159 158 189 190 -1 146 145 176 177 -1 160 159 190 191 -1 147 146 177 178 -1 194 193 224 225 -1 181 180 211 212 -1 195 194 225 226 -1 182 181 212 213 -1 196 195 226 227 -1 183 182 213 214 -1 197 196 227 228 -1 184 183 214 215 -1 198 197 228 229 -1 185 184 215 216 -1 172 0 203 -1 199 198 229 230 -1 186 185 216 217 -1 173 172 203 204 -1 200 199 230 231 -1 187 186 217 218 -1 174 173 204 205 -1 201 200 231 232 -1 188 187 218 219 -1 175 174 205 206 -1 202 201 232 233 -1 189 188 219 220 -1 176 175 206 207 -1 16 202 233 -1 190 189 220 221 -1 177 176 207 208 -1 191 190 221 222 -1 178 177 208 209 -1 192 191 222 223 -1 179 178 209 210 -1 193 192 223 224 -1 180 179 210 211 -1 227 226 257 258 -1 214 213 244 245 -1 228 227 258 259 -1 215 214 245 246 -1 229 228 259 260 -1 216 215 246 247 -1 203 0 234 -1 230 229 260 261 -1 217 216 247 248 -1 204 203 234 235 -1 231 230 261 262 -1 218 217 248 249 -1 205 204 235 236 -1 232 231 262 263 -1 219 218 249 250 -1 206 205 236 237 -1 233 232 263 264 -1 220 219 250 251 -1 207 206 237 238 -1 16 233 264 -1 221 220 251 252 -1 208 207 238 239 -1 222 221 252 253 -1 209 208 239 240 -1 223 222 253 254 -1 210 209 240 241 -1 224 223 254 255 -1 211 210 241 242 -1 225 224 255 256 -1 212 211 242 243 -1 226 225 256 257 -1 213 212 243 244 -1 260 259 290 291 -1 247 246 277 278 -1 234 0 265 -1 261 260 291 292 -1 248 247 278 279 -1 235 234 265 266 -1 262 261 292 293 -1 249 248 279 280 -1 236 235 266 267 -1 263 262 293 294 -1 250 249 280 281 -1 237 236 267 268 -1 264 263 294 295 -1 251 250 281 282 -1 238 237 268 269 -1 16 264 295 -1 252 251 282 283 -1 239 238 269 270 -1 253 252 283 284 -1 240 239 270 271 -1 254 253 284 285 -1 241 240 271 272 -1 255 254 285 286 -1 242 241 272 273 -1 256 255 286 287 -1 243 242 273 274 -1 257 256 287 288 -1 244 243 274 275 -1 258 257 288 289 -1 245 244 275 276 -1 259 258 289 290 -1 246 245 276 277 -1 293 292 323 324 -1 280 279 310 311 -1 267 266 297 298 -1 294 293 324 325 -1 281 280 311 312 -1 268 267 298 299 -1 295 294 325 326 -1 282 281 312 313 -1 269 268 299 300 -1 16 295 326 -1 283 282 313 314 -1 270 269 300 301 -1 284 283 314 315 -1 271 270 301 302 -1 285 284 315 316 -1 272 271 302 303 -1 286 285 316 317 -1 273 272 303 304 -1 287 286 317 318 -1 274 273 304 305 -1 288 287 318 319 -1 275 274 305 306 -1 289 288 319 320 -1 276 275 306 307 -1 290 289 320 321 -1 277 276 307 308 -1 291 290 321 322 -1 278 277 308 309 -1 265 0 296 -1 292 291 322 323 -1 279 278 309 310 -1 266 265 296 297 -1 326 325 356 357 -1 313 312 343 344 -1 300 299 330 331 -1 16 326 357 -1 314 313 344 345 -1 301 300 331 332 -1 315 314 345 346 -1 302 301 332 333 -1 316 315 346 347 -1 303 302 333 334 -1 317 316 347 348 -1 304 303 334 335 -1 318 317 348 349 -1 305 304 335 336 -1 319 318 349 350 -1 306 305 336 337 -1 320 319 350 351 -1 307 306 337 338 -1 321 320 351 352 -1 308 307 338 339 -1 322 321 352 353 -1 309 308 339 340 -1 296 0 327 -1 323 322 353 354 -1 310 309 340 341 -1 297 296 327 328 -1 324 323 354 355 -1 311 310 341 342 -1 298 297 328 329 -1 325 324 355 356 -1 312 311 342 343 -1 299 298 329 330 -1 346 345 376 377 -1 333 332 363 364 -1 347 346 377 378 -1 334 333 364 365 -1 348 347 378 379 -1 335 334 365 366 -1 349 348 379 380 -1 336 335 366 367 -1 350 349 380 381 -1 337 336 367 368 -1 351 350 381 382 -1 338 337 368 369 -1 352 351 382 383 -1 339 338 369 370 -1 353 352 383 384 -1 340 339 370 371 -1 327 0 358 -1 354 353 384 385 -1 341 340 371 372 -1 328 327 358 359 -1 355 354 385 386 -1 342 341 372 373 -1 329 328 359 360 -1 356 355 386 387 -1 343 342 373 374 -1 330 329 360 361 -1 357 356 387 388 -1 344 343 374 375 -1 331 330 361 362 -1 16 357 388 -1 345 344 375 376 -1 332 331 362 363 -1 379 378 409 410 -1 366 365 396 397 -1 380 379 410 411 -1 367 366 397 398 -1 381 380 411 412 -1 368 367 398 399 -1 382 381 412 413 -1 369 368 399 400 -1 383 382 413 414 -1 370 369 400 401 -1 384 383 414 415 -1 371 370 401 402 -1 358 0 389 -1 385 384 415 416 -1 372 371 402 403 -1 359 358 389 390 -1 386 385 416 417 -1 373 372 403 404 -1 360 359 390 391 -1 387 386 417 418 -1 374 373 404 405 -1 361 360 391 392 -1 388 387 418 419 -1 375 374 405 406 -1 362 361 392 393 -1 16 388 419 -1 376 375 406 407 -1 363 362 393 394 -1 377 376 407 408 -1 364 363 394 395 -1 378 377 408 409 -1 365 364 395 396 -1 412 411 442 443 -1 399 398 429 430 -1 413 412 443 444 -1 400 399 430 431 -1 414 413 444 445 -1 401 400 431 432 -1 415 414 445 446 -1 402 401 432 433 -1 389 0 420 -1 416 415 446 447 -1 403 402 433 434 -1 390 389 420 421 -1 417 416 447 448 -1 404 403 434 435 -1 391 390 421 422 -1 418 417 448 449 -1 405 404 435 436 -1 392 391 422 423 -1 419 418 449 450 -1 406 405 436 437 -1 393 392 423 424 -1 16 419 450 -1 407 406 437 438 -1 394 393 424 425 -1 408 407 438 439 -1 395 394 425 426 -1 409 408 439 440 -1 396 395 426 427 -1 410 409 440 441 -1 397 396 427 428 -1 411 410 441 442 -1 398 397 428 429 -1 445 444 475 476 -1 432 431 462 463 -1 446 445 476 477 -1 433 432 463 464 -1 420 0 451 -1 447 446 477 478 -1 434 433 464 465 -1 421 420 451 452 -1 448 447 478 479 -1 435 434 465 466 -1 422 421 452 453 -1 449 448 479 480 -1 436 435 466 467 -1 423 422 453 454 -1 450 449 480 481 -1 437 436 467 468 -1 424 423 454 455 -1 16 450 481 -1 438 437 468 469 -1 425 424 455 456 -1 439 438 469 470 -1 426 425 456 457 -1 440 439 470 471 -1 427 426 457 458 -1 441 440 471 472 -1 428 427 458 459 -1 442 441 472 473 -1 429 428 459 460 -1 443 442 473 474 -1 430 429 460 461 -1 444 443 474 475 -1 431 430 461 462 -1 451 0 482 -1 478 477 508 509 -1 465 464 495 496 -1 452 451 482 483 -1 479 478 509 510 -1 466 465 496 497 -1 453 452 483 484 -1 480 479 510 511 -1 467 466 497 498 -1 454 453 484 485 -1 481 480 511 512 -1 468 467 498 499 -1 455 454 485 486 -1 16 481 512 -1 469 468 499 500 -1 456 455 486 487 -1 470 469 500 501 -1 457 456 487 488 -1 471 470 501 502 -1 458 457 488 489 -1 472 471 502 503 -1 459 458 489 490 -1 473 472 503 504 -1 460 459 490 491 -1 474 473 504 505 -1 461 460 491 492 -1 475 474 505 506 -1 462 461 492 493 -1 476 475 506 507 -1 463 462 493 494 -1 477 476 507 508 -1 464 463 494 495 -1 484 483 514 515 -1 511 510 541 542 -1 498 497 528 529 -1 485 484 515 516 -1 512 511 542 543 -1 499 498 529 530 -1 486 485 516 517 -1 16 512 543 -1 500 499 530 531 -1 487 486 517 518 -1 501 500 531 532 -1 488 487 518 519 -1 502 501 532 533 -1 489 488 519 520 -1 503 502 533 534 -1 490 489 520 521 -1 504 503 534 535 -1 491 490 521 522 -1 505 504 535 536 -1 492 491 522 523 -1 506 505 536 537 -1 493 492 523 524 -1 507 506 537 538 -1 494 493 524 525 -1 508 507 538 539 -1 495 494 525 526 -1 482 0 513 -1 509 508 539 540 -1 496 495 526 527 -1 483 482 513 514 -1 510 509 540 541 -1 497 496 527 528 -1 517 516 547 548 -1 16 543 574 -1 531 530 561 562 -1 518 517 548 549 -1 532 531 562 563 -1 519 518 549 550 -1 533 532 563 564 -1 520 519 550 551 -1 534 533 564 565 -1 521 520 551 552 -1 535 534 565 566 -1 522 521 552 553 -1 536 535 566 567 -1 523 522 553 554 -1 537 536 567 568 -1 524 523 554 555 -1 538 537 568 569 -1 525 524 555 556 -1 539 538 569 570 -1 526 525 556 557 -1 513 0 544 -1 540 539 570 571 -1 527 526 557 558 -1 514 513 544 545 -1 541 540 571 572 -1 528 527 558 559 -1 515 514 545 546 -1 542 541 572 573 -1 529 528 559 560 -1 516 515 546 547 -1 543 542 573 574 -1 530 529 560 561 -1 550 549 580 581 -1 564 563 594 595 -1 551 550 581 582 -1 565 564 595 596 -1 552 551 582 583 -1 566 565 596 597 -1 553 552 583 584 -1 567 566 597 598 -1 554 553 584 585 -1 568 567 598 599 -1 555 554 585 586 -1 569 568 599 600 -1 556 555 586 587 -1 570 569 600 601 -1 557 556 587 588 -1 544 0 575 -1 571 570 601 602 -1 558 557 588 589 -1 545 544 575 576 -1 572 571 602 603 -1 559 558 589 590 -1 546 545 576 577 -1 573 572 603 604 -1 560 559 590 591 -1 547 546 577 578 -1 574 573 604 605 -1 561 560 591 592 -1 548 547 578 579 -1 16 574 605 -1 562 561 592 593 -1 549 548 579 580 -1 563 562 593 594 -1 583 582 613 614 -1 597 596 627 628 -1 584 583 614 615 -1 598 597 628 629 -1 585 584 615 616 -1 599 598 629 630 -1 586 585 616 617 -1 600 599 630 631 -1 587 586 617 618 -1 601 600 631 632 -1 588 587 618 619 -1 575 0 606 -1 602 601 632 633 -1 589 588 619 620 -1 576 575 606 607 -1 603 602 633 634 -1 590 589 620 621 -1 577 576 607 608 -1 604 603 634 635 -1 591 590 621 622 -1 578 577 608 609 -1 605 604 635 636 -1 592 591 622 623 -1 579 578 609 610 -1 16 605 636 -1 593 592 623 624 -1 580 579 610 611 -1 594 593 624 625 -1 581 580 611 612 -1 595 594 625 626 -1 582 581 612 613 -1 596 595 626 627 -1 616 615 646 647 -1 630 629 660 661 -1 617 616 647 648 -1 631 630 661 662 -1 618 617 648 649 -1 632 631 662 663 -1 619 618 649 650 -1 606 0 637 -1 633 632 663 664 -1 620 619 650 651 -1 607 606 637 638 -1 634 633 664 665 -1 621 620 651 652 -1 608 607 638 639 -1 635 634 665 666 -1 622 621 652 653 -1 609 608 639 640 -1 636 635 666 667 -1 623 622 653 654 -1 610 609 640 641 -1 16 636 667 -1 624 623 654 655 -1 611 610 641 642 -1 625 624 655 656 -1 612 611 642 643 -1 626 625 656 657 -1 613 612 643 644 -1 627 626 657 658 -1 614 613 644 645 -1 628 627 658 659 -1 615 614 645 646 -1 629 628 659 660 -1 649 648 679 680 -1 663 662 693 694 -1 650 649 680 681 -1 637 0 668 -1 664 663 694 695 -1 651 650 681 682 -1 638 637 668 669 -1 665 664 695 696 -1 652 651 682 683 -1 639 638 669 670 -1 666 665 696 697 -1 653 652 683 684 -1 640 639 670 671 -1 667 666 697 698 -1 654 653 684 685 -1 641 640 671 672 -1 16 667 698 -1 655 654 685 686 -1 642 641 672 673 -1 656 655 686 687 -1 643 642 673 674 -1 657 656 687 688 -1 644 643 674 675 -1 658 657 688 689 -1 645 644 675 676 -1 659 658 689 690 -1 646 645 676 677 -1 660 659 690 691 -1 647 646 677 678 -1 661 660 691 692 -1 648 647 678 679 -1 662 661 692 693 -1 682 681 712 713 -1 669 668 699 700 -1 696 695 726 727 -1 683 682 713 714 -1 670 669 700 701 -1 697 696 727 728 -1 684 683 714 715 -1 671 670 701 702 -1 698 697 728 729 -1 685 684 715 716 -1 672 671 702 703 -1 16 698 729 -1 686 685 716 717 -1 673 672 703 704 -1 687 686 717 718 -1 674 673 704 705 -1 688 687 718 719 -1 675 674 705 706 -1 689 688 719 720 -1 676 675 706 707 -1 690 689 720 721 -1 677 676 707 708 -1 691 690 721 722 -1 678 677 708 709 -1 692 691 722 723 -1 679 678 709 710 -1 693 692 723 724 -1 680 679 710 711 -1 694 693 724 725 -1 681 680 711 712 -1 668 0 699 -1 695 694 725 726 -1 715 714 745 746 -1 702 701 732 733 -1 729 728 759 760 -1 716 715 746 747 -1 703 702 733 734 -1 16 729 760 -1 717 716 747 748 -1 704 703 734 735 -1 718 717 748 749 -1 705 704 735 736 -1 719 718 749 750 -1 706 705 736 737 -1 720 719 750 751 -1 707 706 737 738 -1 721 720 751 752 -1 708 707 738 739 -1 722 721 752 753 -1 709 708 739 740 -1 723 722 753 754 -1 710 709 740 741 -1 724 723 754 755 -1 711 710 741 742 -1 725 724 755 756 -1 712 711 742 743 -1 699 0 730 -1 726 725 756 757 -1 713 712 743 744 -1 700 699 730 731 -1 727 726 757 758 -1 714 713 744 745 -1 701 700 731 732 -1 728 727 758 759 -1 748 747 778 779 -1 735 734 765 766 -1 749 748 779 780 -1 736 735 766 767 -1 750 749 780 781 -1 737 736 767 768 -1 751 750 781 782 -1 738 737 768 769 -1 752 751 782 783 -1 739 738 769 770 -1 753 752 783 784 -1 740 739 770 771 -1 754 753 784 785 -1 741 740 771 772 -1 755 754 785 786 -1 742 741 772 773 -1 756 755 786 787 -1 743 742 773 774 -1 730 0 761 -1 757 756 787 788 -1 744 743 774 775 -1 731 730 761 762 -1 758 757 788 789 -1 745 744 775 776 -1 732 731 762 763 -1 759 758 789 790 -1 746 745 776 777 -1 733 732 763 764 -1 760 759 790 791 -1 747 746 777 778 -1 734 733 764 765 -1 16 760 791 -1 781 780 811 812 -1 768 767 798 799 -1 782 781 812 813 -1 769 768 799 800 -1 783 782 813 814 -1 770 769 800 801 -1 784 783 814 815 -1 771 770 801 802 -1 785 784 815 816 -1 772 771 802 803 -1 786 785 816 817 -1 773 772 803 804 -1 787 786 817 818 -1 774 773 804 805 -1 761 0 792 -1 788 787 818 819 -1 775 774 805 806 -1 762 761 792 793 -1 789 788 819 820 -1 776 775 806 807 -1 763 762 793 794 -1 790 789 820 821 -1 777 776 807 808 -1 764 763 794 795 -1 791 790 821 822 -1 778 777 808 809 -1 765 764 795 796 -1 16 791 822 -1 779 778 809 810 -1 766 765 796 797 -1 780 779 810 811 -1 767 766 797 798 -1 814 813 844 845 -1 801 800 831 832 -1 815 814 845 846 -1 802 801 832 833 -1 816 815 846 847 -1 803 802 833 834 -1 817 816 847 848 -1 804 803 834 835 -1 818 817 848 849 -1 805 804 835 836 -1 792 0 823 -1 819 818 849 850 -1 806 805 836 837 -1 793 792 823 824 -1 820 819 850 851 -1 807 806 837 838 -1 794 793 824 825 -1 821 820 851 852 -1 808 807 838 839 -1 795 794 825 826 -1 822 821 852 853 -1 809 808 839 840 -1 796 795 826 827 -1 16 822 853 -1 810 809 840 841 -1 797 796 827 828 -1 811 810 841 842 -1 798 797 828 829 -1 812 811 842 843 -1 799 798 829 830 -1 813 812 843 844 -1 800 799 830 831 -1 847 846 877 878 -1 834 833 864 865 -1 848 847 878 879 -1 835 834 865 866 -1 849 848 879 880 -1 836 835 866 867 -1 823 0 854 -1 850 849 880 881 -1 837 836 867 868 -1 824 823 854 855 -1 851 850 881 882 -1 838 837 868 869 -1 825 824 855 856 -1 852 851 882 883 -1 839 838 869 870 -1 826 825 856 857 -1 853 852 883 884 -1 840 839 870 871 -1 827 826 857 858 -1 16 853 884 -1 841 840 871 872 -1 828 827 858 859 -1 842 841 872 873 -1 829 828 859 860 -1 843 842 873 874 -1 830 829 860 861 -1 844 843 874 875 -1 831 830 861 862 -1 845 844 875 876 -1 832 831 862 863 -1 846 845 876 877 -1 833 832 863 864 -1 880 879 910 911 -1 867 866 897 898 -1 854 0 885 -1 881 880 911 912 -1 868 867 898 899 -1 855 854 885 886 -1 882 881 912 913 -1 869 868 899 900 -1 856 855 886 887 -1 883 882 913 914 -1 870 869 900 901 -1 857 856 887 888 -1 884 883 914 915 -1 871 870 901 902 -1 858 857 888 889 -1 16 884 915 -1 872 871 902 903 -1 859 858 889 890 -1 873 872 903 904 -1 860 859 890 891 -1 874 873 904 905 -1 861 860 891 892 -1 875 874 905 906 -1 862 861 892 893 -1 876 875 906 907 -1 863 862 893 894 -1 877 876 907 908 -1 864 863 894 895 -1 878 877 908 909 -1 865 864 895 896 -1 879 878 909 910 -1 866 865 896 897 -1 913 912 943 944 -1 900 899 930 931 -1 887 886 917 918 -1 914 913 944 945 -1 901 900 931 932 -1 888 887 918 919 -1 915 914 945 946 -1 902 901 932 933 -1 889 888 919 920 -1 16 915 946 -1 903 902 933 934 -1 890 889 920 921 -1 904 903 934 935 -1 891 890 921 922 -1 905 904 935 936 -1 892 891 922 923 -1 906 905 936 937 -1 893 892 923 924 -1 907 906 937 938 -1 894 893 924 925 -1 908 907 938 939 -1 895 894 925 926 -1 909 908 939 940 -1 896 895 926 927 -1 910 909 940 941 -1 897 896 927 928 -1 911 910 941 942 -1 898 897 928 929 -1 885 0 916 -1 912 911 942 943 -1 899 898 929 930 -1 886 885 916 917 -1 946 945 976 977 -1 933 932 963 964 -1 920 919 950 951 -1 16 946 977 -1 934 933 964 965 -1 921 920 951 952 -1 935 934 965 966 -1 922 921 952 953 -1 936 935 966 967 -1 923 922 953 954 -1 937 936 967 968 -1 924 923 954 955 -1 938 937 968 969 -1 925 924 955 956 -1 939 938 969 970 -1 926 925 956 957 -1 940 939 970 971 -1 927 926 957 958 -1 941 940 971 972 -1 928 927 958 959 -1 942 941 972 973 -1 929 928 959 960 -1 916 0 947 -1 943 942 973 974 -1 930 929 960 961 -1 917 916 947 948 -1 944 943 974 975 -1 931 930 961 962 -1 918 917 948 949 -1 945 944 975 976 -1 932 931 962 963 -1 919 918 949 950 -1 966 965 996 997 -1 953 952 983 984 -1 967 966 997 998 -1 954 953 984 985 -1 968 967 998 999 -1 955 954 985 986 -1 969 968 999 1000 -1 956 955 986 987 -1 970 969 1000 1001 -1 957 956 987 988 -1 971 970 1001 1002 -1 958 957 988 989 -1 972 971 1002 1003 -1 959 958 989 990 -1 973 972 1003 1004 -1 960 959 990 991 -1 947 0 978 -1 974 973 1004 1005 -1 961 960 991 992 -1 948 947 978 979 -1 975 974 1005 1006 -1 962 961 992 993 -1 949 948 979 980 -1 976 975 1006 1007 -1 963 962 993 994 -1 950 949 980 981 -1 977 976 1007 1008 -1 964 963 994 995 -1 951 950 981 982 -1 16 977 1008 -1 965 964 995 996 -1 952 951 982 983 -1 999 998 1029 1030 -1 986 985 1016 1017 -1 1000 999 1030 1031 -1 987 986 1017 1018 -1 1001 1000 1031 1032 -1 988 987 1018 1019 -1 1002 1001 1032 1033 -1 989 988 1019 1020 -1 1003 1002 1033 1034 -1 990 989 1020 1021 -1 1004 1003 1034 1035 -1 991 990 1021 1022 -1 978 0 1009 -1 1005 1004 1035 1036 -1 992 991 1022 1023 -1 979 978 1009 1010 -1 1006 1005 1036 1037 -1 993 992 1023 1024 -1 980 979 1010 1011 -1 1007 1006 1037 1038 -1 994 993 1024 1025 -1 981 980 1011 1012 -1 1008 1007 1038 1039 -1 995 994 1025 1026 -1 982 981 1012 1013 -1 16 1008 1039 -1 996 995 1026 1027 -1 983 982 1013 1014 -1 997 996 1027 1028 -1 984 983 1014 1015 -1 998 997 1028 1029 -1 985 984 1015 1016 -1 1032 1031 1062 1063 -1 1019 1018 1049 1050 -1 1033 1032 1063 1064 -1 1020 1019 1050 1051 -1 1034 1033 1064 1065 -1 1021 1020 1051 1052 -1 1035 1034 1065 1066 -1 1022 1021 1052 1053 -1 1009 0 1040 -1 1036 1035 1066 1067 -1 1023 1022 1053 1054 -1 1010 1009 1040 1041 -1 1037 1036 1067 1068 -1 1024 1023 1054 1055 -1 1011 1010 1041 1042 -1 1038 1037 1068 1069 -1 1025 1024 1055 1056 -1 1012 1011 1042 1043 -1 1039 1038 1069 1070 -1 1026 1025 1056 1057 -1 1013 1012 1043 1044 -1 16 1039 1070 -1 1027 1026 1057 1058 -1 1014 1013 1044 1045 -1 1028 1027 1058 1059 -1 1015 1014 1045 1046 -1 1029 1028 1059 1060 -1 1016 1015 1046 1047 -1 1030 1029 1060 1061 -1 1017 1016 1047 1048 -1 1031 1030 1061 1062 -1 1018 1017 1048 1049 -1 1065 1064 1095 1096 -1 1052 1051 1082 1083 -1 1066 1065 1096 1097 -1 1053 1052 1083 1084 -1 1040 0 1071 -1 1067 1066 1097 1098 -1 1054 1053 1084 1085 -1 1041 1040 1071 1072 -1 1068 1067 1098 1099 -1 1055 1054 1085 1086 -1 1042 1041 1072 1073 -1 1069 1068 1099 1100 -1 1056 1055 1086 1087 -1 1043 1042 1073 1074 -1 1070 1069 1100 1101 -1 1057 1056 1087 1088 -1 1044 1043 1074 1075 -1 16 1070 1101 -1 1058 1057 1088 1089 -1 1045 1044 1075 1076 -1 1059 1058 1089 1090 -1 1046 1045 1076 1077 -1 1060 1059 1090 1091 -1 1047 1046 1077 1078 -1 1061 1060 1091 1092 -1 1048 1047 1078 1079 -1 1062 1061 1092 1093 -1 1049 1048 1079 1080 -1 1063 1062 1093 1094 -1 1050 1049 1080 1081 -1 1064 1063 1094 1095 -1 1051 1050 1081 1082 -1 1071 0 1102 -1 1098 1097 1128 1129 -1 1085 1084 1115 1116 -1 1072 1071 1102 1103 -1 1099 1098 1129 1130 -1 1086 1085 1116 1117 -1 1073 1072 1103 1104 -1 1100 1099 1130 1131 -1 1087 1086 1117 1118 -1 1074 1073 1104 1105 -1 1101 1100 1131 1132 -1 1088 1087 1118 1119 -1 1075 1074 1105 1106 -1 16 1101 1132 -1 1089 1088 1119 1120 -1 1076 1075 1106 1107 -1 1090 1089 1120 1121 -1 1077 1076 1107 1108 -1 1091 1090 1121 1122 -1 1078 1077 1108 1109 -1 1092 1091 1122 1123 -1 1079 1078 1109 1110 -1 1093 1092 1123 1124 -1 1080 1079 1110 1111 -1 1094 1093 1124 1125 -1 1081 1080 1111 1112 -1 1095 1094 1125 1126 -1 1082 1081 1112 1113 -1 1096 1095 1126 1127 -1 1083 1082 1113 1114 -1 1097 1096 1127 1128 -1 1084 1083 1114 1115 -1 1104 1103 1134 1135 -1 1131 1130 1161 1162 -1 1118 1117 1148 1149 -1 1105 1104 1135 1136 -1 1132 1131 1162 1163 -1 1119 1118 1149 1150 -1 1106 1105 1136 1137 -1 16 1132 1163 -1 1120 1119 1150 1151 -1 1107 1106 1137 1138 -1 1121 1120 1151 1152 -1 1108 1107 1138 1139 -1 1122 1121 1152 1153 -1 1109 1108 1139 1140 -1 1123 1122 1153 1154 -1 1110 1109 1140 1141 -1 1124 1123 1154 1155 -1 1111 1110 1141 1142 -1 1125 1124 1155 1156 -1 1112 1111 1142 1143 -1 1126 1125 1156 1157 -1 1113 1112 1143 1144 -1 1127 1126 1157 1158 -1 1114 1113 1144 1145 -1 1128 1127 1158 1159 -1 1115 1114 1145 1146 -1 1102 0 1133 -1 1129 1128 1159 1160 -1 1116 1115 1146 1147 -1 1103 1102 1133 1134 -1 1130 1129 1160 1161 -1 1117 1116 1147 1148 -1 1137 1136 1167 1168 -1 16 1163 1194 -1 1151 1150 1181 1182 -1 1138 1137 1168 1169 -1 1152 1151 1182 1183 -1 1139 1138 1169 1170 -1 1153 1152 1183 1184 -1 1140 1139 1170 1171 -1 1154 1153 1184 1185 -1 1141 1140 1171 1172 -1 1155 1154 1185 1186 -1 1142 1141 1172 1173 -1 1156 1155 1186 1187 -1 1143 1142 1173 1174 -1 1157 1156 1187 1188 -1 1144 1143 1174 1175 -1 1158 1157 1188 1189 -1 1145 1144 1175 1176 -1 1159 1158 1189 1190 -1 1146 1145 1176 1177 -1 1133 0 1164 -1 1160 1159 1190 1191 -1 1147 1146 1177 1178 -1 1134 1133 1164 1165 -1 1161 1160 1191 1192 -1 1148 1147 1178 1179 -1 1135 1134 1165 1166 -1 1162 1161 1192 1193 -1 1149 1148 1179 1180 -1 1136 1135 1166 1167 -1 1163 1162 1193 1194 -1 1150 1149 1180 1181 -1 1170 1169 1200 1201 -1 1184 1183 1214 1215 -1 1171 1170 1201 1202 -1 1185 1184 1215 1216 -1 1172 1171 1202 1203 -1 1186 1185 1216 1217 -1 1173 1172 1203 1204 -1 1187 1186 1217 1218 -1 1174 1173 1204 1205 -1 1188 1187 1218 1219 -1 1175 1174 1205 1206 -1 1189 1188 1219 1220 -1 1176 1175 1206 1207 -1 1190 1189 1220 1221 -1 1177 1176 1207 1208 -1 1164 0 1195 -1 1191 1190 1221 1222 -1 1178 1177 1208 1209 -1 1165 1164 1195 1196 -1 1192 1191 1222 1223 -1 1179 1178 1209 1210 -1 1166 1165 1196 1197 -1 1193 1192 1223 1224 -1 1180 1179 1210 1211 -1 1167 1166 1197 1198 -1 1194 1193 1224 1225 -1 1181 1180 1211 1212 -1 1168 1167 1198 1199 -1 16 1194 1225 -1 1182 1181 1212 1213 -1 1169 1168 1199 1200 -1 1183 1182 1213 1214 -1 1203 1202 1233 1234 -1 1217 1216 1247 1248 -1 1204 1203 1234 1235 -1 1218 1217 1248 1249 -1 1205 1204 1235 1236 -1 1219 1218 1249 1250 -1 1206 1205 1236 1237 -1 1220 1219 1250 1251 -1 1207 1206 1237 1238 -1 1221 1220 1251 1252 -1 1208 1207 1238 1239 -1 1195 0 1226 -1 1222 1221 1252 1253 -1 1209 1208 1239 1240 -1 1196 1195 1226 1227 -1 1223 1222 1253 1254 -1 1210 1209 1240 1241 -1 1197 1196 1227 1228 -1 1224 1223 1254 1255 -1 1211 1210 1241 1242 -1 1198 1197 1228 1229 -1 1225 1224 1255 1256 -1 1212 1211 1242 1243 -1 1199 1198 1229 1230 -1 16 1225 1256 -1 1213 1212 1243 1244 -1 1200 1199 1230 1231 -1 1214 1213 1244 1245 -1 1201 1200 1231 1232 -1 1215 1214 1245 1246 -1 1202 1201 1232 1233 -1 1216 1215 1246 1247 -1 1236 1235 1266 1267 -1 1250 1249 1280 1281 -1 1237 1236 1267 1268 -1 1251 1250 1281 1282 -1 1238 1237 1268 1269 -1 1252 1251 1282 1283 -1 1239 1238 1269 1270 -1 1226 0 1257 -1 1253 1252 1283 1284 -1 1240 1239 1270 1271 -1 1227 1226 1257 1258 -1 1254 1253 1284 1285 -1 1241 1240 1271 1272 -1 1228 1227 1258 1259 -1 1255 1254 1285 1286 -1 1242 1241 1272 1273 -1 1229 1228 1259 1260 -1 1256 1255 1286 1287 -1 1243 1242 1273 1274 -1 1230 1229 1260 1261 -1 16 1256 1287 -1 1244 1243 1274 1275 -1 1231 1230 1261 1262 -1 1245 1244 1275 1276 -1 1232 1231 1262 1263 -1 1246 1245 1276 1277 -1 1233 1232 1263 1264 -1 1247 1246 1277 1278 -1 1234 1233 1264 1265 -1 1248 1247 1278 1279 -1 1235 1234 1265 1266 -1 1249 1248 1279 1280 -1 1269 1268 1299 1300 -1 1283 1282 1313 1314 -1 1270 1269 1300 1301 -1 1257 0 1288 -1 1284 1283 1314 1315 -1 1271 1270 1301 1302 -1 1258 1257 1288 1289 -1 1285 1284 1315 1316 -1 1272 1271 1302 1303 -1 1259 1258 1289 1290 -1 1286 1285 1316 1317 -1 1273 1272 1303 1304 -1 1260 1259 1290 1291 -1 1287 1286 1317 1318 -1 1274 1273 1304 1305 -1 1261 1260 1291 1292 -1 16 1287 1318 -1 1275 1274 1305 1306 -1 1262 1261 1292 1293 -1 1276 1275 1306 1307 -1 1263 1262 1293 1294 -1 1277 1276 1307 1308 -1 1264 1263 1294 1295 -1 1278 1277 1308 1309 -1 1265 1264 1295 1296 -1 1279 1278 1309 1310 -1 1266 1265 1296 1297 -1 1280 1279 1310 1311 -1 1267 1266 1297 1298 -1 1281 1280 1311 1312 -1 1268 1267 1298 1299 -1 1282 1281 1312 1313 -1 1302 1301 1332 1333 -1 1289 1288 1319 1320 -1 1316 1315 1346 1347 -1 1303 1302 1333 1334 -1 1290 1289 1320 1321 -1 1317 1316 1347 1348 -1 1304 1303 1334 1335 -1 1291 1290 1321 1322 -1 1318 1317 1348 1349 -1 1305 1304 1335 1336 -1 1292 1291 1322 1323 -1 16 1318 1349 -1 1306 1305 1336 1337 -1 1293 1292 1323 1324 -1 1307 1306 1337 1338 -1 1294 1293 1324 1325 -1 1308 1307 1338 1339 -1 1295 1294 1325 1326 -1 1309 1308 1339 1340 -1 1296 1295 1326 1327 -1 1310 1309 1340 1341 -1 1297 1296 1327 1328 -1 1311 1310 1341 1342 -1 1298 1297 1328 1329 -1 1312 1311 1342 1343 -1 1299 1298 1329 1330 -1 1313 1312 1343 1344 -1 1300 1299 1330 1331 -1 1314 1313 1344 1345 -1 1301 1300 1331 1332 -1 1288 0 1319 -1 1315 1314 1345 1346 -1 1335 1334 1365 1366 -1 1322 1321 1352 1353 -1 1349 1348 1379 1380 -1 1336 1335 1366 1367 -1 1323 1322 1353 1354 -1 16 1349 1380 -1 1337 1336 1367 1368 -1 1324 1323 1354 1355 -1 1338 1337 1368 1369 -1 1325 1324 1355 1356 -1 1339 1338 1369 1370 -1 1326 1325 1356 1357 -1 1340 1339 1370 1371 -1 1327 1326 1357 1358 -1 1341 1340 1371 1372 -1 1328 1327 1358 1359 -1 1342 1341 1372 1373 -1 1329 1328 1359 1360 -1 1343 1342 1373 1374 -1 1330 1329 1360 1361 -1 1344 1343 1374 1375 -1 1331 1330 1361 1362 -1 1345 1344 1375 1376 -1 1332 1331 1362 1363 -1 1319 0 1350 -1 1346 1345 1376 1377 -1 1333 1332 1363 1364 -1 1320 1319 1350 1351 -1 1347 1346 1377 1378 -1 1334 1333 1364 1365 -1 1321 1320 1351 1352 -1 1348 1347 1378 1379 -1 1368 1367 1398 1399 -1 1355 1354 1385 1386 -1 1369 1368 1399 1400 -1 1356 1355 1386 1387 -1 1370 1369 1400 1401 -1 1357 1356 1387 1388 -1 1371 1370 1401 1402 -1 1358 1357 1388 1389 -1 1372 1371 1402 1403 -1 1359 1358 1389 1390 -1 1373 1372 1403 1404 -1 1360 1359 1390 1391 -1 1374 1373 1404 1405 -1 1361 1360 1391 1392 -1 1375 1374 1405 1406 -1 1362 1361 1392 1393 -1 1376 1375 1406 1407 -1 1363 1362 1393 1394 -1 1350 0 1381 -1 1377 1376 1407 1408 -1 1364 1363 1394 1395 -1 1351 1350 1381 1382 -1 1378 1377 1408 1409 -1 1365 1364 1395 1396 -1 1352 1351 1382 1383 -1 1379 1378 1409 1410 -1 1366 1365 1396 1397 -1 1353 1352 1383 1384 -1 1380 1379 1410 1411 -1 1367 1366 1397 1398 -1 1354 1353 1384 1385 -1 16 1380 1411 -1 1401 1400 1431 1432 -1 1388 1387 1418 1419 -1 1402 1401 1432 1433 -1 1389 1388 1419 1420 -1 1403 1402 1433 1434 -1 1390 1389 1420 1421 -1 1404 1403 1434 1435 -1 1391 1390 1421 1422 -1 1405 1404 1435 1436 -1 1392 1391 1422 1423 -1 1406 1405 1436 1437 -1 1393 1392 1423 1424 -1 1407 1406 1437 1438 -1 1394 1393 1424 1425 -1 1381 0 1412 -1 1408 1407 1438 1439 -1 1395 1394 1425 1426 -1 1382 1381 1412 1413 -1 1409 1408 1439 1440 -1 1396 1395 1426 1427 -1 1383 1382 1413 1414 -1 1410 1409 1440 1441 -1 1397 1396 1427 1428 -1 1384 1383 1414 1415 -1 1411 1410 1441 1442 -1 1398 1397 1428 1429 -1 1385 1384 1415 1416 -1 16 1411 1442 -1 1399 1398 1429 1430 -1 1386 1385 1416 1417 -1 1400 1399 1430 1431 -1 1387 1386 1417 1418 -1 1434 1433 1464 1465 -1 1421 1420 1451 1452 -1 1435 1434 1465 1466 -1 1422 1421 1452 1453 -1 1436 1435 1466 1467 -1 1423 1422 1453 1454 -1 1437 1436 1467 1468 -1 1424 1423 1454 1455 -1 1438 1437 1468 1469 -1 1425 1424 1455 1456 -1 1412 0 1443 -1 1439 1438 1469 1470 -1 1426 1425 1456 1457 -1 1413 1412 1443 1444 -1 1440 1439 1470 1471 -1 1427 1426 1457 1458 -1 1414 1413 1444 1445 -1 1441 1440 1471 1472 -1 1428 1427 1458 1459 -1 1415 1414 1445 1446 -1 1442 1441 1472 1473 -1 1429 1428 1459 1460 -1 1416 1415 1446 1447 -1 16 1442 1473 -1 1430 1429 1460 1461 -1 1417 1416 1447 1448 -1 1431 1430 1461 1462 -1 1418 1417 1448 1449 -1 1432 1431 1462 1463 -1 1419 1418 1449 1450 -1 1433 1432 1463 1464 -1 1420 1419 1450 1451 -1 1467 1466 1497 1498 -1 1454 1453 1484 1485 -1 1468 1467 1498 1499 -1 1455 1454 1485 1486 -1 1469 1468 1499 1500 -1 1456 1455 1486 1487 -1 1443 0 1474 -1 1470 1469 1500 1501 -1 1457 1456 1487 1488 -1 1444 1443 1474 1475 -1 1471 1470 1501 1502 -1 1458 1457 1488 1489 -1 1445 1444 1475 1476 -1 1472 1471 1502 1503 -1 1459 1458 1489 1490 -1 1446 1445 1476 1477 -1 1473 1472 1503 1504 -1 1460 1459 1490 1491 -1 1447 1446 1477 1478 -1 16 1473 1504 -1 1461 1460 1491 1492 -1 1448 1447 1478 1479 -1 1462 1461 1492 1493 -1 1449 1448 1479 1480 -1 1463 1462 1493 1494 -1 1450 1449 1480 1481 -1 1464 1463 1494 1495 -1 1451 1450 1481 1482 -1 1465 1464 1495 1496 -1 1452 1451 1482 1483 -1 1466 1465 1496 1497 -1 1453 1452 1483 1484 -1 1500 1499 1530 1531 -1 1487 1486 1517 1518 -1 1474 0 1505 -1 1501 1500 1531 1532 -1 1488 1487 1518 1519 -1 1475 1474 1505 1506 -1 1502 1501 1532 1533 -1 1489 1488 1519 1520 -1 1476 1475 1506 1507 -1 1503 1502 1533 1534 -1 1490 1489 1520 1521 -1 1477 1476 1507 1508 -1 1504 1503 1534 1535 -1 1491 1490 1521 1522 -1 1478 1477 1508 1509 -1 16 1504 1535 -1 1492 1491 1522 1523 -1 1479 1478 1509 1510 -1 1493 1492 1523 1524 -1 1480 1479 1510 1511 -1 1494 1493 1524 1525 -1 1481 1480 1511 1512 -1 1495 1494 1525 1526 -1 1482 1481 1512 1513 -1 1496 1495 1526 1527 -1 1483 1482 1513 1514 -1 1497 1496 1527 1528 -1 1484 1483 1514 1515 -1 1498 1497 1528 1529 -1 1485 1484 1515 1516 -1 1499 1498 1529 1530 -1 1486 1485 1516 1517 -1 1506 1505 1536 1537 -1 1533 1532 1563 1564 -1 1520 1519 1550 1551 -1 1507 1506 1537 1538 -1 1534 1533 1564 1565 -1 1521 1520 1551 1552 -1 1508 1507 1538 1539 -1 1535 1534 1565 1566 -1 1522 1521 1552 1553 -1 1509 1508 1539 1540 -1 16 1535 1566 -1 1523 1522 1553 1554 -1 1510 1509 1540 1541 -1 1524 1523 1554 1555 -1 1511 1510 1541 1542 -1 1525 1524 1555 1556 -1 1512 1511 1542 1543 -1 1526 1525 1556 1557 -1 1513 1512 1543 1544 -1 1527 1526 1557 1558 -1 1514 1513 1544 1545 -1 1528 1527 1558 1559 -1 1515 1514 1545 1546 -1 1529 1528 1559 1560 -1 1516 1515 1546 1547 -1 1530 1529 1560 1561 -1 1517 1516 1547 1548 -1 1531 1530 1561 1562 -1 1518 1517 1548 1549 -1 1505 0 1536 -1 1532 1531 1562 1563 -1 1519 1518 1549 1550 -1 1539 1538 1569 1570 -1 1566 1565 1596 1597 -1 1553 1552 1583 1584 -1 1540 1539 1570 1571 -1 16 1566 1597 -1 1554 1553 1584 1585 -1 1541 1540 1571 1572 -1 1555 1554 1585 1586 -1 1542 1541 1572 1573 -1 1556 1555 1586 1587 -1 1543 1542 1573 1574 -1 1557 1556 1587 1588 -1 1544 1543 1574 1575 -1 1558 1557 1588 1589 -1 1545 1544 1575 1576 -1 1559 1558 1589 1590 -1 1546 1545 1576 1577 -1 1560 1559 1590 1591 -1 1547 1546 1577 1578 -1 1561 1560 1591 1592 -1 1548 1547 1578 1579 -1 1562 1561 1592 1593 -1 1549 1548 1579 1580 -1 1536 0 1567 -1 1563 1562 1593 1594 -1 1550 1549 1580 1581 -1 1537 1536 1567 1568 -1 1564 1563 1594 1595 -1 1551 1550 1581 1582 -1 1538 1537 1568 1569 -1 1565 1564 1595 1596 -1 1552 1551 1582 1583 -1 1586 1585 1616 1617 -1 1573 1572 1603 1604 -1 1587 1586 1617 1618 -1 1574 1573 1604 1605 -1 1588 1587 1618 1619 -1 1575 1574 1605 1606 -1 1589 1588 1619 1620 -1 1576 1575 1606 1607 -1 1590 1589 1620 1621 -1 1577 1576 1607 1608 -1 1591 1590 1621 1622 -1 1578 1577 1608 1609 -1 1592 1591 1622 1623 -1 1579 1578 1609 1610 -1 1593 1592 1623 1624 -1 1580 1579 1610 1611 -1 1567 0 1598 -1 1594 1593 1624 1625 -1 1581 1580 1611 1612 -1 1568 1567 1598 1599 -1 1595 1594 1625 1626 -1 1582 1581 1612 1613 -1 1569 1568 1599 1600 -1 1596 1595 1626 1627 -1 1583 1582 1613 1614 -1 1570 1569 1600 1601 -1 1597 1596 1627 1628 -1 1584 1583 1614 1615 -1 1571 1570 1601 1602 -1 16 1597 1628 -1 1585 1584 1615 1616 -1 1572 1571 1602 1603 -1 1619 1618 1649 1650 -1 1606 1605 1636 1637 -1 1620 1619 1650 1651 -1 1607 1606 1637 1638 -1 1621 1620 1651 1652 -1 1608 1607 1638 1639 -1 1622 1621 1652 1653 -1 1609 1608 1639 1640 -1 1623 1622 1653 1654 -1 1610 1609 1640 1641 -1 1624 1623 1654 1655 -1 1611 1610 1641 1642 -1 1598 0 1629 -1 1625 1624 1655 1656 -1 1612 1611 1642 1643 -1 1599 1598 1629 1630 -1 1626 1625 1656 1657 -1 1613 1612 1643 1644 -1 1600 1599 1630 1631 -1 1627 1626 1657 1658 -1 1614 1613 1644 1645 -1 1601 1600 1631 1632 -1 1628 1627 1658 1659 -1 1615 1614 1645 1646 -1 1602 1601 1632 1633 -1 16 1628 1659 -1 1616 1615 1646 1647 -1 1603 1602 1633 1634 -1 1617 1616 1647 1648 -1 1604 1603 1634 1635 -1 1618 1617 1648 1649 -1 1605 1604 1635 1636 -1 1652 1651 1682 1683 -1 1639 1638 1669 1670 -1 1653 1652 1683 1684 -1 1640 1639 1670 1671 -1 1654 1653 1684 1685 -1 1641 1640 1671 1672 -1 1655 1654 1685 1686 -1 1642 1641 1672 1673 -1 1629 0 1660 -1 1656 1655 1686 1687 -1 1643 1642 1673 1674 -1 1630 1629 1660 1661 -1 1657 1656 1687 1688 -1 1644 1643 1674 1675 -1 1631 1630 1661 1662 -1 1658 1657 1688 1689 -1 1645 1644 1675 1676 -1 1632 1631 1662 1663 -1 1659 1658 1689 1690 -1 1646 1645 1676 1677 -1 1633 1632 1663 1664 -1 16 1659 1690 -1 1647 1646 1677 1678 -1 1634 1633 1664 1665 -1 1648 1647 1678 1679 -1 1635 1634 1665 1666 -1 1649 1648 1679 1680 -1 1636 1635 1666 1667 -1 1650 1649 1680 1681 -1 1637 1636 1667 1668 -1 1651 1650 1681 1682 -1 1638 1637 1668 1669 -1 1685 1684 1715 1716 -1 1672 1671 1702 1703 -1 1686 1685 1716 1717 -1 1673 1672 1703 1704 -1 1660 0 1691 -1 1687 1686 1717 1718 -1 1674 1673 1704 1705 -1 1661 1660 1691 1692 -1 1688 1687 1718 1719 -1 1675 1674 1705 1706 -1 1662 1661 1692 1693 -1 1689 1688 1719 1720 -1 1676 1675 1706 1707 -1 1663 1662 1693 1694 -1 1690 1689 1720 1721 -1 1677 1676 1707 1708 -1 1664 1663 1694 1695 -1 16 1690 1721 -1 1678 1677 1708 1709 -1 1665 1664 1695 1696 -1 1679 1678 1709 1710 -1 1666 1665 1696 1697 -1 1680 1679 1710 1711 -1 1667 1666 1697 1698 -1 1681 1680 1711 1712 -1 1668 1667 1698 1699 -1 1682 1681 1712 1713 -1 1669 1668 1699 1700 -1 1683 1682 1713 1714 -1 1670 1669 1700 1701 -1 1684 1683 1714 1715 -1 1671 1670 1701 1702 -1 1691 0 1722 -1 1718 1717 1748 1749 -1 1705 1704 1735 1736 -1 1692 1691 1722 1723 -1 1719 1718 1749 1750 -1 1706 1705 1736 1737 -1 1693 1692 1723 1724 -1 1720 1719 1750 1751 -1 1707 1706 1737 1738 -1 1694 1693 1724 1725 -1 1721 1720 1751 1752 -1 1708 1707 1738 1739 -1 1695 1694 1725 1726 -1 16 1721 1752 -1 1709 1708 1739 1740 -1 1696 1695 1726 1727 -1 1710 1709 1740 1741 -1 1697 1696 1727 1728 -1 1711 1710 1741 1742 -1 1698 1697 1728 1729 -1 1712 1711 1742 1743 -1 1699 1698 1729 1730 -1 1713 1712 1743 1744 -1 1700 1699 1730 1731 -1 1714 1713 1744 1745 -1 1701 1700 1731 1732 -1 1715 1714 1745 1746 -1 1702 1701 1732 1733 -1 1716 1715 1746 1747 -1 1703 1702 1733 1734 -1 1717 1716 1747 1748 -1 1704 1703 1734 1735 -1 1724 1723 1754 1755 -1 1751 1750 1781 1782 -1 1738 1737 1768 1769 -1 1725 1724 1755 1756 -1 1752 1751 1782 1783 -1 1739 1738 1769 1770 -1 1726 1725 1756 1757 -1 16 1752 1783 -1 1740 1739 1770 1771 -1 1727 1726 1757 1758 -1 1741 1740 1771 1772 -1 1728 1727 1758 1759 -1 1742 1741 1772 1773 -1 1729 1728 1759 1760 -1 1743 1742 1773 1774 -1 1730 1729 1760 1761 -1 1744 1743 1774 1775 -1 1731 1730 1761 1762 -1 1745 1744 1775 1776 -1 1732 1731 1762 1763 -1 1746 1745 1776 1777 -1 1733 1732 1763 1764 -1 1747 1746 1777 1778 -1 1734 1733 1764 1765 -1 1748 1747 1778 1779 -1 1735 1734 1765 1766 -1 1722 0 1753 -1 1749 1748 1779 1780 -1 1736 1735 1766 1767 -1 1723 1722 1753 1754 -1 1750 1749 1780 1781 -1 1737 1736 1767 1768 -1 1757 1756 1787 1788 -1 16 1783 1814 -1 1771 1770 1801 1802 -1 1758 1757 1788 1789 -1 1772 1771 1802 1803 -1 1759 1758 1789 1790 -1 1773 1772 1803 1804 -1 1760 1759 1790 1791 -1 1774 1773 1804 1805 -1 1761 1760 1791 1792 -1 1775 1774 1805 1806 -1 1762 1761 1792 1793 -1 1776 1775 1806 1807 -1 1763 1762 1793 1794 -1 1777 1776 1807 1808 -1 1764 1763 1794 1795 -1 1778 1777 1808 1809 -1 1765 1764 1795 1796 -1 1779 1778 1809 1810 -1 1766 1765 1796 1797 -1 1753 0 1784 -1 1780 1779 1810 1811 -1 1767 1766 1797 1798 -1 1754 1753 1784 1785 -1 1781 1780 1811 1812 -1 1768 1767 1798 1799 -1 1755 1754 1785 1786 -1 1782 1781 1812 1813 -1 1769 1768 1799 1800 -1 1756 1755 1786 1787 -1 1783 1782 1813 1814 -1 1770 1769 1800 1801 -1 1790 1789 1820 1821 -1 1804 1803 1834 1835 -1 1791 1790 1821 1822 -1 1805 1804 1835 1836 -1 1792 1791 1822 1823 -1 1806 1805 1836 1837 -1 1793 1792 1823 1824 -1 1807 1806 1837 1838 -1 1794 1793 1824 1825 -1 1808 1807 1838 1839 -1 1795 1794 1825 1826 -1 1809 1808 1839 1840 -1 1796 1795 1826 1827 -1 1810 1809 1840 1841 -1 1797 1796 1827 1828 -1 1784 0 1815 -1 1811 1810 1841 1842 -1 1798 1797 1828 1829 -1 1785 1784 1815 1816 -1 1812 1811 1842 1843 -1 1799 1798 1829 1830 -1 1786 1785 1816 1817 -1 1813 1812 1843 1844 -1 1800 1799 1830 1831 -1 1787 1786 1817 1818 -1 1814 1813 1844 1845 -1 1801 1800 1831 1832 -1 1788 1787 1818 1819 -1 16 1814 1845 -1 1802 1801 1832 1833 -1 1789 1788 1819 1820 -1 1803 1802 1833 1834 -1 1823 1822 1853 1854 -1 1837 1836 1867 1868 -1 1824 1823 1854 1855 -1 1838 1837 1868 1869 -1 1825 1824 1855 1856 -1 1839 1838 1869 1870 -1 1826 1825 1856 1857 -1 1840 1839 1870 1871 -1 1827 1826 1857 1858 -1 1841 1840 1871 1872 -1 1828 1827 1858 1859 -1 1815 0 1846 -1 1842 1841 1872 1873 -1 1829 1828 1859 1860 -1 1816 1815 1846 1847 -1 1843 1842 1873 1874 -1 1830 1829 1860 1861 -1 1817 1816 1847 1848 -1 1844 1843 1874 1875 -1 1831 1830 1861 1862 -1 1818 1817 1848 1849 -1 1845 1844 1875 1876 -1 1832 1831 1862 1863 -1 1819 1818 1849 1850 -1 16 1845 1876 -1 1833 1832 1863 1864 -1 1820 1819 1850 1851 -1 1834 1833 1864 1865 -1 1821 1820 1851 1852 -1 1835 1834 1865 1866 -1 1822 1821 1852 1853 -1 1836 1835 1866 1867 -1 1856 1855 1886 1887 -1 1870 1869 1900 1901 -1 1857 1856 1887 1888 -1 1871 1870 1901 1902 -1 1858 1857 1888 1889 -1 1872 1871 1902 1903 -1 1859 1858 1889 1890 -1 1846 0 1877 -1 1873 1872 1903 1904 -1 1860 1859 1890 1891 -1 1847 1846 1877 1878 -1 1874 1873 1904 1905 -1 1861 1860 1891 1892 -1 1848 1847 1878 1879 -1 1875 1874 1905 1906 -1 1862 1861 1892 1893 -1 1849 1848 1879 1880 -1 1876 1875 1906 1907 -1 1863 1862 1893 1894 -1 1850 1849 1880 1881 -1 16 1876 1907 -1 1864 1863 1894 1895 -1 1851 1850 1881 1882 -1 1865 1864 1895 1896 -1 1852 1851 1882 1883 -1 1866 1865 1896 1897 -1 1853 1852 1883 1884 -1 1867 1866 1897 1898 -1 1854 1853 1884 1885 -1 1868 1867 1898 1899 -1 1855 1854 1885 1886 -1 1869 1868 1899 1900 -1 1889 1888 1919 1920 -1 1903 1902 1933 1934 -1 1890 1889 1920 1921 -1 1877 0 1908 -1 1904 1903 1934 1935 -1 1891 1890 1921 1922 -1 1878 1877 1908 1909 -1 1905 1904 1935 1936 -1 1892 1891 1922 1923 -1 1879 1878 1909 1910 -1 1906 1905 1936 1937 -1 1893 1892 1923 1924 -1 1880 1879 1910 1911 -1 1907 1906 1937 1938 -1 1894 1893 1924 1925 -1 1881 1880 1911 1912 -1 16 1907 1938 -1 1895 1894 1925 1926 -1 1882 1881 1912 1913 -1 1896 1895 1926 1927 -1 1883 1882 1913 1914 -1 1897 1896 1927 1928 -1 1884 1883 1914 1915 -1 1898 1897 1928 1929 -1 1885 1884 1915 1916 -1 1899 1898 1929 1930 -1 1886 1885 1916 1917 -1 1900 1899 1930 1931 -1 1887 1886 1917 1918 -1 1901 1900 1931 1932 -1 1888 1887 1918 1919 -1 1902 1901 1932 1933 -1 1922 1921 1952 1953 -1 1909 1908 1939 1940 -1 1936 1935 1966 1967 -1 1923 1922 1953 1954 -1 1910 1909 1940 1941 -1 1937 1936 1967 1968 -1 1924 1923 1954 1955 -1 1911 1910 1941 1942 -1 1938 1937 1968 1969 -1 1925 1924 1955 1956 -1 1912 1911 1942 1943 -1 16 1938 1969 -1 1926 1925 1956 1957 -1 1913 1912 1943 1944 -1 1927 1926 1957 1958 -1 1914 1913 1944 1945 -1 1928 1927 1958 1959 -1 1915 1914 1945 1946 -1 1929 1928 1959 1960 -1 1916 1915 1946 1947 -1 1930 1929 1960 1961 -1 1917 1916 1947 1948 -1 1931 1930 1961 1962 -1 1918 1917 1948 1949 -1 1932 1931 1962 1963 -1 1919 1918 1949 1950 -1 1933 1932 1963 1964 -1 1920 1919 1950 1951 -1 1934 1933 1964 1965 -1 1921 1920 1951 1952 -1 1908 0 1939 -1 1935 1934 1965 1966 -1 1955 1954 9 10 -1 1942 1941 3 1970 -1 1969 1968 1985 15 -1 1956 1955 10 1977 -1 1943 1942 1970 4 -1 16 1969 15 -1 1957 1956 1977 11 -1 1944 1943 4 1971 -1 1958 1957 11 12 -1 1945 1944 1971 1972 -1 1959 1958 12 13 -1 1946 1945 1972 1973 -1 1960 1959 13 1978 -1 1947 1946 1973 1974 -1 1961 1960 1978 1979 -1 1948 1947 1974 1975 -1 1962 1961 1979 1980 -1 1949 1948 1975 5 -1 1963 1962 1980 1981 -1 1950 1949 5 6 -1 1964 1963 1981 1982 -1 1951 1950 6 7 -1 1965 1964 1982 1983 -1 1952 1951 7 1976 -1 1939 0 1 -1 1966 1965 1983 1984 -1 1953 1952 1976 8 -1 1940 1939 1 2 -1 1967 1966 1984 14 -1 1954 1953 8 9 -1 1941 1940 2 3 -1 1968 1967 14 1985 -1 '>
          <Coordinate point='0.0000 0.0000 1.0000 0.0000 0.0980 0.9952 0.0000 0.1951 0.9808 0.0000 0.2903 0.9569 0.0000 0.4714 0.8819 0.0000 0.8819 0.4714 0.0000 0.9239 0.3827 0.0000 0.9569 0.2903 0.0000 0.9952 0.0980 0.0000 1.0000 0.0000 0.0000 0.9952 -0.0980 0.0000 0.9569 -0.2903 0.0000 0.9239 -0.3827 0.0000 0.8819 -0.4714 0.0000 0.2903 -0.9569 0.0000 0.0980 -0.9952 0.0000 0.0000 -1.0000 0.0096 0.0975 0.9952 0.0191 0.1942 0.9808 0.0285 0.2889 0.9569 0.0375 0.3808 0.9239 0.0462 0.4691 0.8819 0.0545 0.5529 0.8315 0.0622 0.6313 0.7730 0.0693 0.7037 0.7071 0.0758 0.7693 0.6344 0.0815 0.8275 0.5556 0.0864 0.8777 0.4714 0.0906 0.9194 0.3827 0.0938 0.9523 0.2903 0.0961 0.9761 0.1951 0.0975 0.9904 0.0980 0.0980 0.9952 0.0000 0.0975 0.9904 -0.0980 0.0961 0.9761 -0.1951 0.0938 0.9523 -0.2903 0.0906 0.9194 -0.3827 0.0864 0.8777 -0.4714 0.0815 0.8275 -0.5556 0.0758 0.7693 -0.6344 0.0693 0.7037 -0.7071 0.0622 0.6313 -0.7730 0.0545 0.5529 -0.8315 0.0462 0.4691 -0.8819 0.0375 0.3808 -0.9239 0.0285 0.2889 -0.9569 0.0191 0.1942 -0.9808 0.0096 0.0975 -0.9952 0.0191 0.0961 0.9952 0.0381 0.1913 0.9808 0.0566 0.2847 0.9569 0.0747 0.3753 0.9239 0.0920 0.4623 0.8819 0.1084 0.5449 0.8315 0.1238 0.6222 0.7730 0.1379 0.6935 0.7071 0.1508 0.7582 0.6344 0.1622 0.8155 0.5556 0.1721 0.8650 0.4714 0.1802 0.9061 0.3827 0.1867 0.9386 0.2903 0.1913 0.9619 0.1951 0.1942 0.9761 0.0980 0.1951 0.9808 0.0000 0.1942 0.9761 -0.0980 0.1913 0.9619 -0.1951 0.1867 0.9386 -0.2903 0.1802 0.9061 -0.3827 0.1721 0.8650 -0.4714 0.1622 0.8155 -0.5556 0.1508 0.7582 -0.6344 0.1379 0.6935 -0.7071 0.1238 0.6222 -0.7730 0.1084 0.5449 -0.8315 0.0920 0.4623 -0.8819 0.0747 0.3753 -0.9239 0.0566 0.2847 -0.9569 0.0381 0.1913 -0.9808 0.0191 0.0961 -0.9952 0.0285 0.0938 0.9952 0.0566 0.1867 0.9808 0.0843 0.2778 0.9569 0.1111 0.3662 0.9239 0.1368 0.4511 0.8819 0.1613 0.5316 0.8315 0.1842 0.6071 0.7730 0.2053 0.6767 0.7071 0.2244 0.7397 0.6344 0.2414 0.7957 0.5556 0.2560 0.8439 0.4714 0.2682 0.8841 0.3827 0.2778 0.9157 0.2903 0.2847 0.9386 0.1951 0.2889 0.9523 0.0980 0.2903 0.9569 0.0000 0.2889 0.9523 -0.0980 0.2847 0.9386 -0.1951 0.2778 0.9157 -0.2903 0.2682 0.8841 -0.3827 0.2560 0.8439 -0.4714 0.2414 0.7957 -0.5556 0.2244 0.7397 -0.6344 0.2053 0.6767 -0.7071 0.1842 0.6071 -0.7730 0.1613 0.5316 -0.8315 0.1368 0.4511 -0.8819 0.1111 0.3662 -0.9239 0.0843 0.2778 -0.9569 0.0566 0.1867 -0.9808 0.0285 0.0938 -0.9952 0.0375 0.0906 0.9952 0.0747 0.1802 0.9808 0.1111 0.2682 0.9569 0.1464 0.3536 0.9239 0.1804 0.4355 0.8819 0.2126 0.5133 0.8315 0.2428 0.5861 0.7730 0.2706 0.6533 0.7071 0.2958 0.7142 0.6344 0.3182 0.7682 0.5556 0.3375 0.8148 0.4714 0.3536 0.8536 0.3827 0.3662 0.8841 0.2903 0.3753 0.9061 0.1951 0.3808 0.9194 0.0980 0.3827 0.9239 0.0000 0.3808 0.9194 -0.0980 0.3753 0.9061 -0.1951 0.3662 0.8841 -0.2903 0.3536 0.8536 -0.3827 0.3375 0.8148 -0.4714 0.3182 0.7682 -0.5556 0.2958 0.7142 -0.6344 0.2706 0.6533 -0.7071 0.2428 0.5861 -0.7730 0.2126 0.5133 -0.8315 0.1804 0.4355 -0.8819 0.1464 0.3536 -0.9239 0.1111 0.2682 -0.9569 0.0747 0.1802 -0.9808 0.0375 0.0906 -0.9952 0.0462 0.0864 0.9952 0.0920 0.1721 0.9808 0.1368 0.2560 0.9569 0.1804 0.3375 0.9239 0.2222 0.4157 0.8819 0.2619 0.4900 0.8315 0.2991 0.5595 0.7730 0.3333 0.6236 0.7071 0.3644 0.6817 0.6344 0.3920 0.7333 0.5556 0.4157 0.7778 0.4714 0.4355 0.8148 0.3827 0.4511 0.8439 0.2903 0.4623 0.8650 0.1951 0.4691 0.8777 0.0980 0.4714 0.8819 0.0000 0.4691 0.8777 -0.0980 0.4623 0.8650 -0.1951 0.4511 0.8439 -0.2903 0.4355 0.8148 -0.3827 0.4157 0.7778 -0.4714 0.3920 0.7333 -0.5556 0.3644 0.6817 -0.6344 0.3333 0.6236 -0.7071 0.2991 0.5595 -0.7730 0.2619 0.4900 -0.8315 0.2222 0.4157 -0.8819 0.1804 0.3375 -0.9239 0.1368 0.2560 -0.9569 0.0920 0.1721 -0.9808 0.0462 0.0864 -0.9952 0.0545 0.0815 0.9952 0.1084 0.1622 0.9808 0.1613 0.2414 0.9569 0.2126 0.3182 0.9239 0.2619 0.3920 0.8819 0.3087 0.4619 0.8315 0.3525 0.5275 0.7730 0.3928 0.5879 0.7071 0.4295 0.6427 0.6344 0.4619 0.6913 0.5556 0.4900 0.7333 0.4714 0.5133 0.7682 0.3827 0.5316 0.7957 0.2903 0.5449 0.8155 0.1951 0.5529 0.8275 0.0980 0.5556 0.8315 0.0000 0.5529 0.8275 -0.0980 0.5449 0.8155 -0.1951 0.5316 0.7957 -0.2903 0.5133 0.7682 -0.3827 0.4900 0.7333 -0.4714 0.4619 0.6913 -0.5556 0.4295 0.6427 -0.6344 0.3928 0.5879 -0.7071 0.3525 0.5275 -0.7730 0.3087 0.4619 -0.8315 0.2619 0.3920 -0.8819 0.2126 0.3182 -0.9239 0.1613 0.2414 -0.9569 0.1084 0.1622 -0.9808 0.0545 0.0815 -0.9952 0.0622 0.0758 0.9952 0.1238 0.1508 0.9808 0.1842 0.2244 0.9569 0.2428 0.2958 0.9239 0.2991 0.3644 0.8819 0.3525 0.4295 0.8315 0.4025 0.4904 0.7730 0.4486 0.5466 0.7071 0.4904 0.5975 0.6344 0.5275 0.6427 0.5556 0.5595 0.6817 0.4714 0.5861 0.7142 0.3827 0.6071 0.7397 0.2903 0.6222 0.7582 0.1951 0.6313 0.7693 0.0980 0.6344 0.7730 0.0000 0.6313 0.7693 -0.0980 0.6222 0.7582 -0.1951 0.6071 0.7397 -0.2903 0.5861 0.7142 -0.3827 0.5595 0.6817 -0.4714 0.5275 0.6427 -0.5556 0.4904 0.5975 -0.6344 0.4486 0.5466 -0.7071 0.4025 0.4904 -0.7730 0.3525 0.4295 -0.8315 0.2991 0.3644 -0.8819 0.2428 0.2958 -0.9239 0.1842 0.2244 -0.9569 0.1238 0.1508 -0.9808 0.0622 0.0758 -0.9952 0.0693 0.0693 0.9952 0.1379 0.1379 0.9808 0.2053 0.2053 0.9569 0.2706 0.2706 0.9239 0.3333 0.3333 0.8819 0.3928 0.3928 0.8315 0.4486 0.4486 0.7730 0.5000 0.5000 0.7071 0.5466 0.5466 0.6344 0.5879 0.5879 0.5556 0.6236 0.6236 0.4714 0.6533 0.6533 0.3827 0.6767 0.6767 0.2903 0.6935 0.6935 0.1951 0.7037 0.7037 0.0980 0.7071 0.7071 0.0000 0.7037 0.7037 -0.0980 0.6935 0.6935 -0.1951 0.6767 0.6767 -0.2903 0.6533 0.6533 -0.3827 0.6236 0.6236 -0.4714 0.5879 0.5879 -0.5556 0.5466 0.5466 -0.6344 0.5000 0.5000 -0.7071 0.4486 0.4486 -0.7730 0.3928 0.3928 -0.8315 0.3333 0.3333 -0.8819 0.2706 0.2706 -0.9239 0.2053 0.2053 -0.9569 0.1379 0.1379 -0.9808 0.0693 0.0693 -0.9952 0.0758 0.0622 0.9952 0.1508 0.1238 0.9808 0.2244 0.1842 0.9569 0.2958 0.2428 0.9239 0.3644 0.2991 0.8819 0.4295 0.3525 0.8315 0.4904 0.4025 0.7730 0.5466 0.4486 0.7071 0.5975 0.4904 0.6344 0.6427 0.5275 0.5556 0.6817 0.5595 0.4714 0.7142 0.5861 0.3827 0.7397 0.6071 0.2903 0.7582 0.6222 0.1951 0.7693 0.6313 0.0980 0.7730 0.6344 0.0000 0.7693 0.6313 -0.0980 0.7582 0.6222 -0.1951 0.7397 0.6071 -0.2903 0.7142 0.5861 -0.3827 0.6817 0.5595 -0.4714 0.6427 0.5275 -0.5556 0.5975 0.4904 -0.6344 0.5466 0.4486 -0.7071 0.4904 0.4025 -0.7730 0.4295 0.3525 -0.8315 0.3644 0.2991 -0.8819 0.2958 0.2428 -0.9239 0.2244 0.1842 -0.9569 0.1508 0.1238 -0.9808 0.0758 0.0622 -0.9952 0.0815 0.0545 0.9952 0.1622 0.1084 0.9808 0.2414 0.1613 0.9569 0.3182 0.2126 0.9239 0.3920 0.2619 0.8819 0.4619 0.3087 0.8315 0.5275 0.3525 0.7730 0.5879 0.3928 0.7071 0.6427 0.4295 0.6344 0.6913 0.4619 0.5556 0.7333 0.4900 0.4714 0.7682 0.5133 0.3827 0.7957 0.5316 0.2903 0.8155 0.5449 0.1951 0.8275 0.5529 0.0980 0.8315 0.5556 0.0000 0.8275 0.5529 -0.0980 0.8155 0.5449 -0.1951 0.7957 0.5316 -0.2903 0.7682 0.5133 -0.3827 0.7333 0.4900 -0.4714 0.6913 0.4619 -0.5556 0.6427 0.4295 -0.6344 0.5879 0.3928 -0.7071 0.5275 0.3525 -0.7730 0.4619 0.3087 -0.8315 0.3920 0.2619 -0.8819 0.3182 0.2126 -0.9239 0.2414 0.1613 -0.9569 0.1622 0.1084 -0.9808 0.0815 0.0545 -0.9952 0.0864 0.0462 0.9952 0.1721 0.0920 0.9808 0.2560 0.1368 0.9569 0.3375 0.1804 0.9239 0.4157 0.2222 0.8819 0.4900 0.2619 0.8315 0.5595 0.2991 0.7730 0.6236 0.3333 0.7071 0.6817 0.3644 0.6344 0.7333 0.3920 0.5556 0.7778 0.4157 0.4714 0.8148 0.4355 0.3827 0.8439 0.4511 0.2903 0.8650 0.4623 0.1951 0.8777 0.4691 0.0980 0.8819 0.4714 0.0000 0.8777 0.4691 -0.0980 0.8650 0.4623 -0.1951 0.8439 0.4511 -0.2903 0.8148 0.4355 -0.3827 0.7778 0.4157 -0.4714 0.7333 0.3920 -0.5556 0.6817 0.3644 -0.6344 0.6236 0.3333 -0.7071 0.5595 0.2991 -0.7730 0.4900 0.2619 -0.8315 0.4157 0.2222 -0.8819 0.3375 0.1804 -0.9239 0.2560 0.1368 -0.9569 0.1721 0.0920 -0.9808 0.0864 0.0462 -0.9952 0.0906 0.0375 0.9952 0.1802 0.0747 0.9808 0.2682 0.1111 0.9569 0.3536 0.1464 0.9239 0.4355 0.1804 0.8819 0.5133 0.2126 0.8315 0.5861 0.2428 0.7730 0.6533 0.2706 0.7071 0.7142 0.2958 0.6344 0.7682 0.3182 0.5556 0.8148 0.3375 0.4714 0.8536 0.3536 0.3827 0.8841 0.3662 0.2903 0.9061 0.3753 0.1951 0.9194 0.3808 0.0980 0.9239 0.3827 0.0000 0.9194 0.3808 -0.0980 0.9061 0.3753 -0.1951 0.8841 0.3662 -0.2903 0.8536 0.3536 -0.3827 0.8148 0.3375 -0.4714 0.7682 0.3182 -0.5556 0.7142 0.2958 -0.6344 0.6533 0.2706 -0.7071 0.5861 0.2428 -0.7730 0.5133 0.2126 -0.8315 0.4355 0.1804 -0.8819 0.3536 0.1464 -0.9239 0.2682 0.1111 -0.9569 0.1802 0.0747 -0.9808 0.0906 0.0375 -0.9952 0.0938 0.0285 0.9952 0.1867 0.0566 0.9808 0.2778 0.0843 0.9569 0.3662 0.1111 0.9239 0.4511 0.1368 0.8819 0.5316 0.1613 0.8315 0.6071 0.1842 0.7730 0.6767 0.2053 0.7071 0.7397 0.2244 0.6344 0.7957 0.2414 0.5556 0.8439 0.2560 0.4714 0.8841 0.2682 0.3827 0.9157 0.2778 0.2903 0.9386 0.2847 0.1951 0.9523 0.2889 0.0980 0.9569 0.2903 0.0000 0.9523 0.2889 -0.0980 0.9386 0.2847 -0.1951 0.9157 0.2778 -0.2903 0.8841 0.2682 -0.3827 0.8439 0.2560 -0.4714 0.7957 0.2414 -0.5556 0.7397 0.2244 -0.6344 0.6767 0.2053 -0.7071 0.6071 0.1842 -0.7730 0.5316 0.1613 -0.8315 0.4511 0.1368 -0.8819 0.3662 0.1111 -0.9239 0.2778 0.0843 -0.9569 0.1867 0.0566 -0.9808 0.0938 0.0285 -0.9952 0.0961 0.0191 0.9952 0.1913 0.0381 0.9808 0.2847 0.0566 0.9569 0.3753 0.0747 0.9239 0.4623 0.0920 0.8819 0.5449 0.1084 0.8315 0.6222 0.1238 0.7730 0.6935 0.1379 0.7071 0.7582 0.1508 0.6344 0.8155 0.1622 0.5556 0.8650 0.1721 0.4714 0.9061 0.1802 0.3827 0.9386 0.1867 0.2903 0.9619 0.1913 0.1951 0.9761 0.1942 0.0980 0.9808 0.1951 0.0000 0.9761 0.1942 -0.0980 0.9619 0.1913 -0.1951 0.9386 0.1867 -0.2903 0.9061 0.1802 -0.3827 0.8650 0.1721 -0.4714 0.8155 0.1622 -0.5556 0.7582 0.1508 -0.6344 0.6935 0.1379 -0.7071 0.6222 0.1238 -0.7730 0.5449 0.1084 -0.8315 0.4623 0.0920 -0.8819 0.3753 0.0747 -0.9239 0.2847 0.0566 -0.9569 0.1913 0.0381 -0.9808 0.0961 0.0191 -0.9952 0.0975 0.0096 0.9952 0.1942 0.0191 0.9808 0.2889 0.0285 0.9569 0.3808 0.0375 0.9239 0.4691 0.0462 0.8819 0.5529 0.0545 0.8315 0.6313 0.0622 0.7730 0.7037 0.0693 0.7071 0.7693 0.0758 0.6344 0.8275 0.0815 0.5556 0.8777 0.0864 0.4714 0.9194 0.0906 0.3827 0.9523 0.0938 0.2903 0.9761 0.0961 0.1951 0.9904 0.0975 0.0980 0.9952 0.0980 0.0000 0.9904 0.0975 -0.0980 0.9761 0.0961 -0.1951 0.9523 0.0938 -0.2903 0.9194 0.0906 -0.3827 0.8777 0.0864 -0.4714 0.8275 0.0815 -0.5556 0.7693 0.0758 -0.6344 0.7037 0.0693 -0.7071 0.6313 0.0622 -0.7730 0.5529 0.0545 -0.8315 0.4691 0.0462 -0.8819 0.3808 0.0375 -0.9239 0.2889 0.0285 -0.9569 0.1942 0.0191 -0.9808 0.0975 0.0096 -0.9952 0.0980 -0.0000 0.9952 0.1951 0.0000 0.9808 0.2903 -0.0000 0.9569 0.3827 -0.0000 0.9239 0.4714 -0.0000 0.8819 0.5556 0.0000 0.8315 0.6344 0.0000 0.7730 0.7071 -0.0000 0.7071 0.7730 0.0000 0.6344 0.8315 0.0000 0.5556 0.8819 -0.0000 0.4714 0.9239 -0.0000 0.3827 0.9569 0.0000 0.2903 0.9808 -0.0000 0.1951 0.9952 -0.0000 0.0980 1.0000 -0.0000 0.0000 0.9952 -0.0000 -0.0980 0.9808 -0.0000 -0.1951 0.9569 0.0000 -0.2903 0.9239 -0.0000 -0.3827 0.8819 -0.0000 -0.4714 0.8315 0.0000 -0.5556 0.7730 0.0000 -0.6344 0.7071 -0.0000 -0.7071 0.6344 0.0000 -0.7730 0.5556 0.0000 -0.8315 0.4714 -0.0000 -0.8819 0.3827 -0.0000 -0.9239 0.2903 -0.0000 -0.9569 0.1951 0.0000 -0.9808 0.0980 -0.0000 -0.9952 0.0975 -0.0096 0.9952 0.1942 -0.0191 0.9808 0.2889 -0.0285 0.9569 0.3808 -0.0375 0.9239 0.4691 -0.0462 0.8819 0.5529 -0.0545 0.8315 0.6313 -0.0622 0.7730 0.7037 -0.0693 0.7071 0.7693 -0.0758 0.6344 0.8275 -0.0815 0.5556 0.8777 -0.0864 0.4714 0.9194 -0.0906 0.3827 0.9523 -0.0938 0.2903 0.9761 -0.0961 0.1951 0.9904 -0.0975 0.0980 0.9952 -0.0980 0.0000 0.9904 -0.0975 -0.0980 0.9761 -0.0961 -0.1951 0.9523 -0.0938 -0.2903 0.9194 -0.0906 -0.3827 0.8777 -0.0864 -0.4714 0.8275 -0.0815 -0.5556 0.7693 -0.0758 -0.6344 0.7037 -0.0693 -0.7071 0.6313 -0.0622 -0.7730 0.5529 -0.0545 -0.8315 0.4691 -0.0462 -0.8819 0.3808 -0.0375 -0.9239 0.2889 -0.0285 -0.9569 0.1942 -0.0191 -0.9808 0.0975 -0.0096 -0.9952 0.0961 -0.0191 0.9952 0.1913 -0.0381 0.9808 0.2847 -0.0566 0.9569 0.3753 -0.0747 0.9239 0.4623 -0.0920 0.8819 0.5449 -0.1084 0.8315 0.6222 -0.1238 0.7730 0.6935 -0.1379 0.7071 0.7582 -0.1508 0.6344 0.8155 -0.1622 0.5556 0.8650 -0.1721 0.4714 0.9061 -0.1802 0.3827 0.9386 -0.1867 0.2903 0.9619 -0.1913 0.1951 0.9761 -0.1942 0.0980 0.9808 -0.1951 0.0000 0.9761 -0.1942 -0.0980 0.9619 -0.1913 -0.1951 0.9386 -0.1867 -0.2903 0.9061 -0.1802 -0.3827 0.8650 -0.1721 -0.4714 0.8155 -0.1622 -0.5556 0.7582 -0.1508 -0.6344 0.6935 -0.1379 -0.7071 0.6222 -0.1238 -0.7730 0.5449 -0.1084 -0.8315 0.4623 -0.0920 -0.8819 0.3753 -0.0747 -0.9239 0.2847 -0.0566 -0.9569 0.1913 -0.0381 -0.9808 0.0961 -0.0191 -0.9952 0.0938 -0.0285 0.9952 0.1867 -0.0566 0.9808 0.2778 -0.0843 0.9569 0.3662 -0.1111 0.9239 0.4511 -0.1368 0.8819 0.5316 -0.1613 0.8315 0.6071 -0.1842 0.7730 0.6767 -0.2053 0.7071 0.7397 -0.2244 0.6344 0.7957 -0.2414 0.5556 0.8439 -0.2560 0.4714 0.8841 -0.2682 0.3827 0.9157 -0.2778 0.2903 0.9386 -0.2847 0.1951 0.9523 -0.2889 0.0980 0.9569 -0.2903 0.0000 0.9523 -0.2889 -0.0980 0.9386 -0.2847 -0.1951 0.9157 -0.2778 -0.2903 0.8841 -0.2682 -0.3827 0.8439 -0.2560 -0.4714 0.7957 -0.2414 -0.5556 0.7397 -0.2244 -0.6344 0.6767 -0.2053 -0.7071 0.6071 -0.1842 -0.7730 0.5316 -0.1613 -0.8315 0.4511 -0.1368 -0.8819 0.3662 -0.1111 -0.9239 0.2778 -0.0843 -0.9569 0.1867 -0.0566 -0.9808 0.0938 -0.0285 -0.9952 0.0906 -0.0375 0.9952 0.1802 -0.0747 0.9808 0.2682 -0.1111 0.9569 0.3536 -0.1464 0.9239 0.4355 -0.1804 0.8819 0.5133 -0.2126 0.8315 0.5861 -0.2428 0.7730 0.6533 -0.2706 0.7071 0.7142 -0.2958 0.6344 0.7682 -0.3182 0.5556 0.8148 -0.3375 0.4714 0.8536 -0.3536 0.3827 0.8841 -0.3662 0.2903 0.9061 -0.3753 0.1951 0.9194 -0.3808 0.0980 0.9239 -0.3827 0.0000 0.9194 -0.3808 -0.0980 0.9061 -0.3753 -0.1951 0.8841 -0.3662 -0.2903 0.8536 -0.3536 -0.3827 0.8148 -0.3375 -0.4714 0.7682 -0.3182 -0.5556 0.7142 -0.2958 -0.6344 0.6533 -0.2706 -0.7071 0.5861 -0.2428 -0.7730 0.5133 -0.2126 -0.8315 0.4355 -0.1804 -0.8819 0.3536 -0.1464 -0.9239 0.2682 -0.1111 -0.9569 0.1802 -0.0747 -0.9808 0.0906 -0.0375 -0.9952 0.0864 -0.0462 0.9952 0.1721 -0.0920 0.9808 0.2560 -0.1368 0.9569 0.3375 -0.1804 0.9239 0.4157 -0.2222 0.8819 0.4900 -0.2619 0.8315 0.5595 -0.2991 0.7730 0.6236 -0.3333 0.7071 0.6817 -0.3644 0.6344 0.7333 -0.3920 0.5556 0.7778 -0.4157 0.4714 0.8148 -0.4355 0.3827 0.8439 -0.4511 0.2903 0.8650 -0.4623 0.1951 0.8777 -0.4691 0.0980 0.8819 -0.4714 0.0000 0.8777 -0.4691 -0.0980 0.8650 -0.4623 -0.1951 0.8439 -0.4511 -0.2903 0.8148 -0.4355 -0.3827 0.7778 -0.4157 -0.4714 0.7333 -0.3920 -0.5556 0.6817 -0.3644 -0.6344 0.6236 -0.3333 -0.7071 0.5595 -0.2991 -0.7730 0.4900 -0.2619 -0.8315 0.4157 -0.2222 -0.8819 0.3375 -0.1804 -0.9239 0.2560 -0.1368 -0.9569 0.1721 -0.0920 -0.9808 0.0864 -0.0462 -0.9952 0.0815 -0.0545 0.9952 0.1622 -0.1084 0.9808 0.2414 -0.1613 0.9569 0.3182 -0.2126 0.9239 0.3920 -0.2619 0.8819 0.4619 -0.3087 0.8315 0.5275 -0.3524 0.7730 0.5879 -0.3928 0.7071 0.6427 -0.4295 0.6344 0.6913 -0.4619 0.5556 0.7333 -0.4900 0.4714 0.7682 -0.5133 0.3827 0.7957 -0.5316 0.2903 0.8155 -0.5449 0.1951 0.8275 -0.5529 0.0980 0.8315 -0.5556 0.0000 0.8275 -0.5529 -0.0980 0.8155 -0.5449 -0.1951 0.7957 -0.5316 -0.2903 0.7682 -0.5133 -0.3827 0.7333 -0.4900 -0.4714 0.6913 -0.4619 -0.5556 0.6427 -0.4295 -0.6344 0.5879 -0.3928 -0.7071 0.5275 -0.3524 -0.7730 0.4619 -0.3087 -0.8315 0.3920 -0.2619 -0.8819 0.3182 -0.2126 -0.9239 0.2414 -0.1613 -0.9569 0.1622 -0.1084 -0.9808 0.0815 -0.0545 -0.9952 0.0758 -0.0622 0.9952 0.1508 -0.1238 0.9808 0.2244 -0.1842 0.9569 0.2958 -0.2428 0.9239 0.3644 -0.2991 0.8819 0.4295 -0.3525 0.8315 0.4904 -0.4025 0.7730 0.5466 -0.4486 0.7071 0.5975 -0.4904 0.6344 0.6427 -0.5275 0.5556 0.6817 -0.5595 0.4714 0.7142 -0.5861 0.3827 0.7397 -0.6071 0.2903 0.7582 -0.6222 0.1951 0.7693 -0.6313 0.0980 0.7730 -0.6344 0.0000 0.7693 -0.6313 -0.0980 0.7582 -0.6222 -0.1951 0.7397 -0.6071 -0.2903 0.7142 -0.5861 -0.3827 0.6817 -0.5595 -0.4714 0.6427 -0.5275 -0.5556 0.5975 -0.4904 -0.6344 0.5466 -0.4486 -0.7071 0.4904 -0.4025 -0.7730 0.4295 -0.3525 -0.8315 0.3644 -0.2991 -0.8819 0.2958 -0.2428 -0.9239 0.2244 -0.1842 -0.9569 0.1508 -0.1238 -0.9808 0.0758 -0.0622 -0.9952 0.0693 -0.0693 0.9952 0.1379 -0.1379 0.9808 0.2053 -0.2053 0.9569 0.2706 -0.2706 0.9239 0.3333 -0.3333 0.8819 0.3928 -0.3928 0.8315 0.4486 -0.4486 0.7730 0.5000 -0.5000 0.7071 0.5466 -0.5466 0.6344 0.5879 -0.5879 0.5556 0.6236 -0.6236 0.4714 0.6533 -0.6533 0.3827 0.6767 -0.6767 0.2903 0.6935 -0.6935 0.1951 0.7037 -0.7037 0.0980 0.7071 -0.7071 0.0000 0.7037 -0.7037 -0.0980 0.6935 -0.6935 -0.1951 0.6767 -0.6767 -0.2903 0.6533 -0.6533 -0.3827 0.6236 -0.6236 -0.4714 0.5879 -0.5879 -0.5556 0.5466 -0.5466 -0.6344 0.5000 -0.5000 -0.7071 0.4486 -0.4486 -0.7730 0.3928 -0.3928 -0.8315 0.3333 -0.3333 -0.8819 0.2706 -0.2706 -0.9239 0.2053 -0.2053 -0.9569 0.1379 -0.1379 -0.9808 0.0693 -0.0693 -0.9952 0.0622 -0.0758 0.9952 0.1238 -0.1508 0.9808 0.1842 -0.2244 0.9569 0.2428 -0.2958 0.9239 0.2991 -0.3644 0.8819 0.3525 -0.4295 0.8315 0.4025 -0.4904 0.7730 0.4486 -0.5466 0.7071 0.4904 -0.5975 0.6344 0.5275 -0.6427 0.5556 0.5595 -0.6817 0.4714 0.5861 -0.7142 0.3827 0.6071 -0.7397 0.2903 0.6222 -0.7582 0.1951 0.6313 -0.7693 0.0980 0.6344 -0.7730 0.0000 0.6313 -0.7693 -0.0980 0.6222 -0.7582 -0.1951 0.6071 -0.7397 -0.2903 0.5861 -0.7142 -0.3827 0.5595 -0.6817 -0.4714 0.5275 -0.6427 -0.5556 0.4904 -0.5975 -0.6344 0.4486 -0.5466 -0.7071 0.4025 -0.4904 -0.7730 0.3525 -0.4295 -0.8315 0.2991 -0.3644 -0.8819 0.2428 -0.2958 -0.9239 0.1842 -0.2244 -0.9569 0.1238 -0.1508 -0.9808 0.0622 -0.0758 -0.9952 0.0545 -0.0815 0.9952 0.1084 -0.1622 0.9808 0.1613 -0.2414 0.9569 0.2126 -0.3182 0.9239 0.2619 -0.3920 0.8819 0.3087 -0.4619 0.8315 0.3525 -0.5275 0.7730 0.3928 -0.5879 0.7071 0.4295 -0.6427 0.6344 0.4619 -0.6913 0.5556 0.4900 -0.7333 0.4714 0.5133 -0.7682 0.3827 0.5316 -0.7957 0.2903 0.5449 -0.8155 0.1951 0.5529 -0.8275 0.0980 0.5556 -0.8315 0.0000 0.5529 -0.8275 -0.0980 0.5449 -0.8155 -0.1951 0.5316 -0.7957 -0.2903 0.5133 -0.7682 -0.3827 0.4900 -0.7333 -0.4714 0.4619 -0.6913 -0.5556 0.4295 -0.6427 -0.6344 0.3928 -0.5879 -0.7071 0.3525 -0.5275 -0.7730 0.3087 -0.4619 -0.8315 0.2619 -0.3920 -0.8819 0.2126 -0.3182 -0.9239 0.1613 -0.2414 -0.9569 0.1084 -0.1622 -0.9808 0.0545 -0.0815 -0.9952 0.0462 -0.0864 0.9952 0.0920 -0.1721 0.9808 0.1368 -0.2560 0.9569 0.1804 -0.3375 0.9239 0.2222 -0.4157 0.8819 0.2619 -0.4900 0.8315 0.2991 -0.5595 0.7730 0.3333 -0.6236 0.7071 0.3644 -0.6817 0.6344 0.3920 -0.7333 0.5556 0.4157 -0.7778 0.4714 0.4355 -0.8148 0.3827 0.4511 -0.8439 0.2903 0.4623 -0.8650 0.1951 0.4691 -0.8777 0.0980 0.4714 -0.8819 0.0000 0.4691 -0.8777 -0.0980 0.4623 -0.8650 -0.1951 0.4511 -0.8439 -0.2903 0.4355 -0.8148 -0.3827 0.4157 -0.7778 -0.4714 0.3920 -0.7333 -0.5556 0.3644 -0.6817 -0.6344 0.3333 -0.6236 -0.7071 0.2991 -0.5595 -0.7730 0.2619 -0.4900 -0.8315 0.2222 -0.4157 -0.8819 0.1804 -0.3375 -0.9239 0.1368 -0.2560 -0.9569 0.0920 -0.1721 -0.9808 0.0462 -0.0864 -0.9952 0.0375 -0.0906 0.9952 0.0747 -0.1802 0.9808 0.1111 -0.2682 0.9569 0.1464 -0.3536 0.9239 0.1804 -0.4355 0.8819 0.2126 -0.5133 0.8315 0.2428 -0.5861 0.7730 0.2706 -0.6533 0.7071 0.2958 -0.7142 0.6344 0.3182 -0.7682 0.5556 0.3375 -0.8148 0.4714 0.3536 -0.8536 0.3827 0.3662 -0.8841 0.2903 0.3753 -0.9061 0.1951 0.3808 -0.9194 0.0980 0.3827 -0.9239 0.0000 0.3808 -0.9194 -0.0980 0.3753 -0.9061 -0.1951 0.3662 -0.8841 -0.2903 0.3536 -0.8536 -0.3827 0.3375 -0.8148 -0.4714 0.3182 -0.7682 -0.5556 0.2958 -0.7142 -0.6344 0.2706 -0.6533 -0.7071 0.2428 -0.5861 -0.7730 0.2126 -0.5133 -0.8315 0.1804 -0.4355 -0.8819 0.1464 -0.3536 -0.9239 0.1111 -0.2682 -0.9569 0.0747 -0.1802 -0.9808 0.0375 -0.0906 -0.9952 0.0285 -0.0938 0.9952 0.0566 -0.1867 0.9808 0.0843 -0.2778 0.9569 0.1111 -0.3662 0.9239 0.1368 -0.4511 0.8819 0.1613 -0.5316 0.8315 0.1842 -0.6071 0.7730 0.2053 -0.6767 0.7071 0.2244 -0.7397 0.6344 0.2414 -0.7957 0.5556 0.2560 -0.8439 0.4714 0.2682 -0.8841 0.3827 0.2778 -0.9157 0.2903 0.2847 -0.9386 0.1951 0.2889 -0.9523 0.0980 0.2903 -0.9569 0.0000 0.2889 -0.9523 -0.0980 0.2847 -0.9386 -0.1951 0.2778 -0.9157 -0.2903 0.2682 -0.8841 -0.3827 0.2560 -0.8439 -0.4714 0.2414 -0.7957 -0.5556 0.2244 -0.7397 -0.6344 0.2053 -0.6767 -0.7071 0.1842 -0.6071 -0.7730 0.1613 -0.5316 -0.8315 0.1368 -0.4511 -0.8819 0.1111 -0.3662 -0.9239 0.0843 -0.2778 -0.9569 0.0566 -0.1867 -0.9808 0.0285 -0.0938 -0.9952 0.0191 -0.0961 0.9952 0.0381 -0.1913 0.9808 0.0566 -0.2847 0.9569 0.0747 -0.3753 0.9239 0.0920 -0.4623 0.8819 0.1084 -0.5449 0.8315 0.1238 -0.6222 0.7730 0.1379 -0.6935 0.7071 0.1508 -0.7582 0.6344 0.1622 -0.8155 0.5556 0.1721 -0.8650 0.4714 0.1802 -0.9061 0.3827 0.1867 -0.9386 0.2903 0.1913 -0.9619 0.1951 0.1942 -0.9761 0.0980 0.1951 -0.9808 0.0000 0.1942 -0.9761 -0.0980 0.1913 -0.9619 -0.1951 0.1867 -0.9386 -0.2903 0.1802 -0.9061 -0.3827 0.1721 -0.8650 -0.4714 0.1622 -0.8155 -0.5556 0.1508 -0.7582 -0.6344 0.1379 -0.6935 -0.7071 0.1238 -0.6222 -0.7730 0.1084 -0.5449 -0.8315 0.0920 -0.4623 -0.8819 0.0747 -0.3753 -0.9239 0.0566 -0.2847 -0.9569 0.0381 -0.1913 -0.9808 0.0191 -0.0961 -0.9952 0.0096 -0.0975 0.9952 0.0191 -0.1942 0.9808 0.0285 -0.2889 0.9569 0.0375 -0.3808 0.9239 0.0462 -0.4691 0.8819 0.0545 -0.5529 0.8315 0.0622 -0.6313 0.7730 0.0693 -0.7037 0.7071 0.0758 -0.7693 0.6344 0.0815 -0.8275 0.5556 0.0864 -0.8777 0.4714 0.0906 -0.9194 0.3827 0.0938 -0.9523 0.2903 0.0961 -0.9761 0.1951 0.0975 -0.9904 0.0980 0.0980 -0.9952 0.0000 0.0975 -0.9904 -0.0980 0.0961 -0.9761 -0.1951 0.0938 -0.9523 -0.2903 0.0906 -0.9194 -0.3827 0.0864 -0.8777 -0.4714 0.0815 -0.8275 -0.5556 0.0758 -0.7693 -0.6344 0.0693 -0.7037 -0.7071 0.0622 -0.6313 -0.7730 0.0545 -0.5529 -0.8315 0.0462 -0.4691 -0.8819 0.0375 -0.3808 -0.9239 0.0285 -0.2889 -0.9569 0.0191 -0.1942 -0.9808 0.0096 -0.0975 -0.9952 -0.0000 -0.0980 0.9952 0.0000 -0.1951 0.9808 -0.0000 -0.2903 0.9569 -0.0000 -0.3827 0.9239 -0.0000 -0.4714 0.8819 0.0000 -0.5556 0.8315 0.0000 -0.6344 0.7730 -0.0000 -0.7071 0.7071 0.0000 -0.7730 0.6344 0.0000 -0.8315 0.5556 -0.0000 -0.8819 0.4714 -0.0000 -0.9239 0.3827 -0.0000 -0.9569 0.2903 -0.0000 -0.9808 0.1951 -0.0000 -0.9952 0.0980 -0.0000 -1.0000 0.0000 -0.0000 -0.9952 -0.0980 -0.0000 -0.9808 -0.1951 -0.0000 -0.9569 -0.2903 -0.0000 -0.9239 -0.3827 -0.0000 -0.8819 -0.4714 0.0000 -0.8315 -0.5556 0.0000 -0.7730 -0.6344 -0.0000 -0.7071 -0.7071 0.0000 -0.6344 -0.7730 0.0000 -0.5556 -0.8315 -0.0000 -0.4714 -0.8819 -0.0000 -0.3827 -0.9239 -0.0000 -0.2903 -0.9569 0.0000 -0.1951 -0.9808 -0.0000 -0.0980 -0.9952 -0.0096 -0.0975 0.9952 -0.0191 -0.1942 0.9808 -0.0285 -0.2889 0.9569 -0.0375 -0.3808 0.9239 -0.0462 -0.4691 0.8819 -0.0545 -0.5529 0.8315 -0.0622 -0.6313 0.7730 -0.0693 -0.7037 0.7071 -0.0758 -0.7693 0.6344 -0.0815 -0.8275 0.5556 -0.0864 -0.8777 0.4714 -0.0906 -0.9194 0.3827 -0.0938 -0.9523 0.2903 -0.0961 -0.9761 0.1951 -0.0975 -0.9904 0.0980 -0.0980 -0.9952 0.0000 -0.0975 -0.9904 -0.0980 -0.0961 -0.9761 -0.1951 -0.0938 -0.9523 -0.2903 -0.0906 -0.9194 -0.3827 -0.0864 -0.8777 -0.4714 -0.0815 -0.8275 -0.5556 -0.0758 -0.7693 -0.6344 -0.0693 -0.7037 -0.7071 -0.0622 -0.6313 -0.7730 -0.0545 -0.5529 -0.8315 -0.0462 -0.4691 -0.8819 -0.0375 -0.3808 -0.9239 -0.0285 -0.2889 -0.9569 -0.0191 -0.1942 -0.9808 -0.0096 -0.0975 -0.9952 -0.0191 -0.0961 0.9952 -0.0381 -0.1913 0.9808 -0.0566 -0.2847 0.9569 -0.0747 -0.3753 0.9239 -0.0920 -0.4623 0.8819 -0.1084 -0.5449 0.8315 -0.1238 -0.6222 0.7730 -0.1379 -0.6935 0.7071 -0.1508 -0.7582 0.6344 -0.1622 -0.8155 0.5556 -0.1721 -0.8650 0.4714 -0.1802 -0.9061 0.3827 -0.1867 -0.9386 0.2903 -0.1913 -0.9619 0.1951 -0.1942 -0.9761 0.0980 -0.1951 -0.9808 0.0000 -0.1942 -0.9761 -0.0980 -0.1913 -0.9619 -0.1951 -0.1867 -0.9386 -0.2903 -0.1802 -0.9061 -0.3827 -0.1721 -0.8650 -0.4714 -0.1622 -0.8155 -0.5556 -0.1508 -0.7582 -0.6344 -0.1379 -0.6935 -0.7071 -0.1238 -0.6222 -0.7730 -0.1084 -0.5449 -0.8315 -0.0920 -0.4623 -0.8819 -0.0747 -0.3753 -0.9239 -0.0566 -0.2847 -0.9569 -0.0381 -0.1913 -0.9808 -0.0191 -0.0961 -0.9952 -0.0285 -0.0938 0.9952 -0.0566 -0.1867 0.9808 -0.0843 -0.2778 0.9569 -0.1111 -0.3662 0.9239 -0.1368 -0.4511 0.8819 -0.1613 -0.5316 0.8315 -0.1842 -0.6071 0.7730 -0.2053 -0.6767 0.7071 -0.2244 -0.7397 0.6344 -0.2414 -0.7957 0.5556 -0.2560 -0.8439 0.4714 -0.2682 -0.8841 0.3827 -0.2778 -0.9157 0.2903 -0.2847 -0.9386 0.1951 -0.2889 -0.9523 0.0980 -0.2903 -0.9569 0.0000 -0.2889 -0.9523 -0.0980 -0.2847 -0.9386 -0.1951 -0.2778 -0.9157 -0.2903 -0.2682 -0.8841 -0.3827 -0.2560 -0.8439 -0.4714 -0.2414 -0.7957 -0.5556 -0.2244 -0.7397 -0.6344 -0.2053 -0.6767 -0.7071 -0.1842 -0.6071 -0.7730 -0.1613 -0.5316 -0.8315 -0.1368 -0.4511 -0.8819 -0.1111 -0.3662 -0.9239 -0.0843 -0.2778 -0.9569 -0.0566 -0.1867 -0.9808 -0.0285 -0.0938 -0.9952 -0.0375 -0.0906 0.9952 -0.0747 -0.1802 0.9808 -0.1111 -0.2682 0.9569 -0.1464 -0.3536 0.9239 -0.1804 -0.4355 0.8819 -0.2126 -0.5133 0.8315 -0.2428 -0.5861 0.7730 -0.2706 -0.6533 0.7071 -0.2958 -0.7142 0.6344 -0.3182 -0.7682 0.5556 -0.3375 -0.8148 0.4714 -0.3536 -0.8536 0.3827 -0.3662 -0.8841 0.2903 -0.3753 -0.9061 0.1951 -0.3808 -0.9194 0.0980 -0.3827 -0.9239 0.0000 -0.3808 -0.9194 -0.0980 -0.3753 -0.9061 -0.1951 -0.3662 -0.8841 -0.2903 -0.3536 -0.8536 -0.3827 -0.3375 -0.8148 -0.4714 -0.3182 -0.7682 -0.5556 -0.2958 -0.7142 -0.6344 -0.2706 -0.6533 -0.7071 -0.2428 -0.5861 -0.7730 -0.2126 -0.5133 -0.8315 -0.1804 -0.4355 -0.8819 -0.1464 -0.3536 -0.9239 -0.1111 -0.2682 -0.9569 -0.0747 -0.1802 -0.9808 -0.0375 -0.0906 -0.9952 -0.0462 -0.0864 0.9952 -0.0920 -0.1721 0.9808 -0.1368 -0.2560 0.9569 -0.1804 -0.3375 0.9239 -0.2222 -0.4157 0.8819 -0.2619 -0.4900 0.8315 -0.2991 -0.5595 0.7730 -0.3333 -0.6236 0.7071 -0.3644 -0.6817 0.6344 -0.3920 -0.7333 0.5556 -0.4157 -0.7778 0.4714 -0.4355 -0.8148 0.3827 -0.4511 -0.8439 0.2903 -0.4623 -0.8650 0.1951 -0.4691 -0.8777 0.0980 -0.4714 -0.8819 0.0000 -0.4691 -0.8777 -0.0980 -0.4623 -0.8650 -0.1951 -0.4511 -0.8439 -0.2903 -0.4355 -0.8148 -0.3827 -0.4157 -0.7778 -0.4714 -0.3920 -0.7333 -0.5556 -0.3644 -0.6817 -0.6344 -0.3333 -0.6236 -0.7071 -0.2991 -0.5595 -0.7730 -0.2619 -0.4900 -0.8315 -0.2222 -0.4157 -0.8819 -0.1804 -0.3375 -0.9239 -0.1368 -0.2560 -0.9569 -0.0920 -0.1721 -0.9808 -0.0462 -0.0864 -0.9952 -0.0545 -0.0815 0.9952 -0.1084 -0.1622 0.9808 -0.1613 -0.2414 0.9569 -0.2126 -0.3182 0.9239 -0.2619 -0.3920 0.8819 -0.3087 -0.4619 0.8315 -0.3524 -0.5275 0.7730 -0.3928 -0.5879 0.7071 -0.4295 -0.6427 0.6344 -0.4619 -0.6913 0.5556 -0.4900 -0.7333 0.4714 -0.5133 -0.7682 0.3827 -0.5316 -0.7957 0.2903 -0.5449 -0.8155 0.1951 -0.5529 -0.8275 0.0980 -0.5556 -0.8315 0.0000 -0.5529 -0.8275 -0.0980 -0.5449 -0.8155 -0.1951 -0.5316 -0.7957 -0.2903 -0.5133 -0.7682 -0.3827 -0.4900 -0.7333 -0.4714 -0.4619 -0.6913 -0.5556 -0.4295 -0.6427 -0.6344 -0.3928 -0.5879 -0.7071 -0.3524 -0.5275 -0.7730 -0.3087 -0.4619 -0.8315 -0.2619 -0.3920 -0.8819 -0.2126 -0.3182 -0.9239 -0.1613 -0.2414 -0.9569 -0.1084 -0.1622 -0.9808 -0.0545 -0.0815 -0.9952 -0.0622 -0.0758 0.9952 -0.1238 -0.1508 0.9808 -0.1842 -0.2244 0.9569 -0.2428 -0.2958 0.9239 -0.2991 -0.3644 0.8819 -0.3525 -0.4295 0.8315 -0.4025 -0.4904 0.7730 -0.4486 -0.5466 0.7071 -0.4904 -0.5975 0.6344 -0.5275 -0.6427 0.5556 -0.5595 -0.6817 0.4714 -0.5861 -0.7142 0.3827 -0.6071 -0.7397 0.2903 -0.6222 -0.7582 0.1951 -0.6313 -0.7693 0.0980 -0.6344 -0.7730 0.0000 -0.6313 -0.7693 -0.0980 -0.6222 -0.7582 -0.1951 -0.6071 -0.7397 -0.2903 -0.5861 -0.7142 -0.3827 -0.5595 -0.6817 -0.4714 -0.5275 -0.6427 -0.5556 -0.4904 -0.5975 -0.6344 -0.4486 -0.5466 -0.7071 -0.4025 -0.4904 -0.7730 -0.3525 -0.4295 -0.8315 -0.2991 -0.3644 -0.8819 -0.2428 -0.2958 -0.9239 -0.1842 -0.2244 -0.9569 -0.1238 -0.1508 -0.9808 -0.0622 -0.0758 -0.9952 -0.0693 -0.0693 0.9952 -0.1379 -0.1379 0.9808 -0.2053 -0.2053 0.9569 -0.2706 -0.2706 0.9239 -0.3333 -0.3333 0.8819 -0.3928 -0.3928 0.8315 -0.4486 -0.4486 0.7730 -0.5000 -0.5000 0.7071 -0.5466 -0.5466 0.6344 -0.5879 -0.5879 0.5556 -0.6236 -0.6236 0.4714 -0.6533 -0.6533 0.3827 -0.6767 -0.6767 0.2903 -0.6935 -0.6935 0.1951 -0.7037 -0.7037 0.0980 -0.7071 -0.7071 0.0000 -0.7037 -0.7037 -0.0980 -0.6935 -0.6935 -0.1951 -0.6767 -0.6767 -0.2903 -0.6533 -0.6533 -0.3827 -0.6236 -0.6236 -0.4714 -0.5879 -0.5879 -0.5556 -0.5466 -0.5466 -0.6344 -0.5000 -0.5000 -0.7071 -0.4486 -0.4486 -0.7730 -0.3928 -0.3928 -0.8315 -0.3333 -0.3333 -0.8819 -0.2706 -0.2706 -0.9239 -0.2053 -0.2053 -0.9569 -0.1379 -0.1379 -0.9808 -0.0693 -0.0693 -0.9952 -0.0758 -0.0622 0.9952 -0.1508 -0.1238 0.9808 -0.2244 -0.1842 0.9569 -0.2958 -0.2428 0.9239 -0.3644 -0.2991 0.8819 -0.4295 -0.3525 0.8315 -0.4904 -0.4025 0.7730 -0.5466 -0.4486 0.7071 -0.5975 -0.4904 0.6344 -0.6427 -0.5275 0.5556 -0.6817 -0.5595 0.4714 -0.7142 -0.5861 0.3827 -0.7397 -0.6071 0.2903 -0.7582 -0.6222 0.1951 -0.7693 -0.6313 0.0980 -0.7730 -0.6344 0.0000 -0.7693 -0.6313 -0.0980 -0.7582 -0.6222 -0.1951 -0.7397 -0.6071 -0.2903 -0.7142 -0.5861 -0.3827 -0.6817 -0.5595 -0.4714 -0.6427 -0.5275 -0.5556 -0.5975 -0.4904 -0.6344 -0.5466 -0.4486 -0.7071 -0.4904 -0.4025 -0.7730 -0.4295 -0.3525 -0.8315 -0.3644 -0.2991 -0.8819 -0.2958 -0.2428 -0.9239 -0.2244 -0.1842 -0.9569 -0.1508 -0.1238 -0.9808 -0.0758 -0.0622 -0.9952 -0.0815 -0.0545 0.9952 -0.1622 -0.1084 0.9808 -0.2414 -0.1613 0.9569 -0.3182 -0.2126 0.9239 -0.3920 -0.2619 0.8819 -0.4619 -0.3087 0.8315 -0.5275 -0.3525 0.7730 -0.5879 -0.3928 0.7071 -0.6427 -0.4295 0.6344 -0.6913 -0.4619 0.5556 -0.7333 -0.4900 0.4714 -0.7682 -0.5133 0.3827 -0.7957 -0.5316 0.2903 -0.8155 -0.5449 0.1951 -0.8275 -0.5529 0.0980 -0.8315 -0.5556 0.0000 -0.8275 -0.5529 -0.0980 -0.8155 -0.5449 -0.1951 -0.7957 -0.5316 -0.2903 -0.7682 -0.5133 -0.3827 -0.7333 -0.4900 -0.4714 -0.6913 -0.4619 -0.5556 -0.6427 -0.4295 -0.6344 -0.5879 -0.3928 -0.7071 -0.5275 -0.3525 -0.7730 -0.4619 -0.3087 -0.8315 -0.3920 -0.2619 -0.8819 -0.3182 -0.2126 -0.9239 -0.2414 -0.1613 -0.9569 -0.1622 -0.1084 -0.9808 -0.0815 -0.0545 -0.9952 -0.0864 -0.0462 0.9952 -0.1721 -0.0920 0.9808 -0.2560 -0.1368 0.9569 -0.3375 -0.1804 0.9239 -0.4157 -0.2222 0.8819 -0.4900 -0.2619 0.8315 -0.5595 -0.2991 0.7730 -0.6236 -0.3333 0.7071 -0.6817 -0.3644 0.6344 -0.7333 -0.3920 0.5556 -0.7778 -0.4157 0.4714 -0.8148 -0.4355 0.3827 -0.8439 -0.4511 0.2903 -0.8650 -0.4623 0.1951 -0.8777 -0.4691 0.0980 -0.8819 -0.4714 0.0000 -0.8777 -0.4691 -0.0980 -0.8650 -0.4623 -0.1951 -0.8439 -0.4511 -0.2903 -0.8148 -0.4355 -0.3827 -0.7778 -0.4157 -0.4714 -0.7333 -0.3920 -0.5556 -0.6817 -0.3644 -0.6344 -0.6236 -0.3333 -0.7071 -0.5595 -0.2991 -0.7730 -0.4900 -0.2619 -0.8315 -0.4157 -0.2222 -0.8819 -0.3375 -0.1804 -0.9239 -0.2560 -0.1368 -0.9569 -0.1721 -0.0920 -0.9808 -0.0864 -0.0462 -0.9952 -0.0906 -0.0375 0.9952 -0.1802 -0.0747 0.9808 -0.2682 -0.1111 0.9569 -0.3536 -0.1464 0.9239 -0.4355 -0.1804 0.8819 -0.5133 -0.2126 0.8315 -0.5861 -0.2428 0.7730 -0.6533 -0.2706 0.7071 -0.7142 -0.2958 0.6344 -0.7682 -0.3182 0.5556 -0.8148 -0.3375 0.4714 -0.8536 -0.3536 0.3827 -0.8841 -0.3662 0.2903 -0.9061 -0.3753 0.1951 -0.9194 -0.3808 0.0980 -0.9239 -0.3827 0.0000 -0.9194 -0.3808 -0.0980 -0.9061 -0.3753 -0.1951 -0.8841 -0.3662 -0.2903 -0.8536 -0.3536 -0.3827 -0.8148 -0.3375 -0.4714 -0.7682 -0.3182 -0.5556 -0.7142 -0.2958 -0.6344 -0.6533 -0.2706 -0.7071 -0.5861 -0.2428 -0.7730 -0.5133 -0.2126 -0.8315 -0.4355 -0.1804 -0.8819 -0.3536 -0.1464 -0.9239 -0.2682 -0.1111 -0.9569 -0.1802 -0.0747 -0.9808 -0.0906 -0.0375 -0.9952 -0.0938 -0.0285 0.9952 -0.1867 -0.0566 0.9808 -0.2778 -0.0843 0.9569 -0.3662 -0.1111 0.9239 -0.4511 -0.1368 0.8819 -0.5316 -0.1613 0.8315 -0.6071 -0.1842 0.7730 -0.6767 -0.2053 0.7071 -0.7397 -0.2244 0.6344 -0.7957 -0.2414 0.5556 -0.8439 -0.2560 0.4714 -0.8841 -0.2682 0.3827 -0.9157 -0.2778 0.2903 -0.9386 -0.2847 0.1951 -0.9523 -0.2889 0.0980 -0.9569 -0.2903 0.0000 -0.9523 -0.2889 -0.0980 -0.9386 -0.2847 -0.1951 -0.9157 -0.2778 -0.2903 -0.8841 -0.2682 -0.3827 -0.8439 -0.2560 -0.4714 -0.7957 -0.2414 -0.5556 -0.7397 -0.2244 -0.6344 -0.6767 -0.2053 -0.7071 -0.6071 -0.1842 -0.7730 -0.5316 -0.1613 -0.8315 -0.4511 -0.1368 -0.8819 -0.3662 -0.1111 -0.9239 -0.2778 -0.0843 -0.9569 -0.1867 -0.0566 -0.9808 -0.0938 -0.0285 -0.9952 -0.0961 -0.0191 0.9952 -0.1913 -0.0381 0.9808 -0.2847 -0.0566 0.9569 -0.3753 -0.0747 0.9239 -0.4623 -0.0920 0.8819 -0.5449 -0.1084 0.8315 -0.6222 -0.1238 0.7730 -0.6935 -0.1379 0.7071 -0.7582 -0.1508 0.6344 -0.8155 -0.1622 0.5556 -0.8650 -0.1721 0.4714 -0.9061 -0.1802 0.3827 -0.9386 -0.1867 0.2903 -0.9619 -0.1913 0.1951 -0.9761 -0.1942 0.0980 -0.9808 -0.1951 0.0000 -0.9761 -0.1942 -0.0980 -0.9619 -0.1913 -0.1951 -0.9386 -0.1867 -0.2903 -0.9061 -0.1802 -0.3827 -0.8650 -0.1721 -0.4714 -0.8155 -0.1622 -0.5556 -0.7582 -0.1508 -0.6344 -0.6935 -0.1379 -0.7071 -0.6222 -0.1238 -0.7730 -0.5449 -0.1084 -0.8315 -0.4623 -0.0920 -0.8819 -0.3753 -0.0747 -0.9239 -0.2847 -0.0566 -0.9569 -0.1913 -0.0381 -0.9808 -0.0961 -0.0191 -0.9952 -0.0975 -0.0096 0.9952 -0.1942 -0.0191 0.9808 -0.2889 -0.0285 0.9569 -0.3808 -0.0375 0.9239 -0.4691 -0.0462 0.8819 -0.5529 -0.0545 0.8315 -0.6313 -0.0622 0.7730 -0.7037 -0.0693 0.7071 -0.7693 -0.0758 0.6344 -0.8275 -0.0815 0.5556 -0.8777 -0.0864 0.4714 -0.9194 -0.0906 0.3827 -0.9523 -0.0938 0.2903 -0.9761 -0.0961 0.1951 -0.9904 -0.0975 0.0980 -0.9952 -0.0980 0.0000 -0.9904 -0.0975 -0.0980 -0.9761 -0.0961 -0.1951 -0.9523 -0.0938 -0.2903 -0.9194 -0.0906 -0.3827 -0.8777 -0.0864 -0.4714 -0.8275 -0.0815 -0.5556 -0.7693 -0.0758 -0.6344 -0.7037 -0.0693 -0.7071 -0.6313 -0.0622 -0.7730 -0.5529 -0.0545 -0.8315 -0.4691 -0.0462 -0.8819 -0.3808 -0.0375 -0.9239 -0.2889 -0.0285 -0.9569 -0.1942 -0.0191 -0.9808 -0.0975 -0.0096 -0.9952 -0.0980 0.0000 0.9952 -0.1951 -0.0000 0.9808 -0.2903 0.0000 0.9569 -0.3827 0.0000 0.9239 -0.4714 0.0000 0.8819 -0.5556 -0.0000 0.8315 -0.6344 -0.0000 0.7730 -0.7071 0.0000 0.7071 -0.7730 -0.0000 0.6344 -0.8315 -0.0000 0.5556 -0.8819 0.0000 0.4714 -0.9239 0.0000 0.3827 -0.9569 0.0000 0.2903 -0.9808 0.0000 0.1951 -0.9952 0.0000 0.0980 -1.0000 0.0000 0.0000 -0.9952 0.0000 -0.0980 -0.9808 0.0000 -0.1951 -0.9569 0.0000 -0.2903 -0.9239 0.0000 -0.3827 -0.8819 0.0000 -0.4714 -0.8315 -0.0000 -0.5556 -0.7730 -0.0000 -0.6344 -0.7071 0.0000 -0.7071 -0.6344 -0.0000 -0.7730 -0.5556 -0.0000 -0.8315 -0.4714 0.0000 -0.8819 -0.3827 0.0000 -0.9239 -0.2903 0.0000 -0.9569 -0.1951 -0.0000 -0.9808 -0.0980 0.0000 -0.9952 -0.0975 0.0096 0.9952 -0.1942 0.0191 0.9808 -0.2889 0.0285 0.9569 -0.3808 0.0375 0.9239 -0.4691 0.0462 0.8819 -0.5529 0.0545 0.8315 -0.6313 0.0622 0.7730 -0.7037 0.0693 0.7071 -0.7693 0.0758 0.6344 -0.8275 0.0815 0.5556 -0.8777 0.0864 0.4714 -0.9194 0.0906 0.3827 -0.9523 0.0938 0.2903 -0.9761 0.0961 0.1951 -0.9904 0.0975 0.0980 -0.9952 0.0980 0.0000 -0.9904 0.0975 -0.0980 -0.9761 0.0961 -0.1951 -0.9523 0.0938 -0.2903 -0.9194 0.0906 -0.3827 -0.8777 0.0864 -0.4714 -0.8275 0.0815 -0.5556 -0.7693 0.0758 -0.6344 -0.7037 0.0693 -0.7071 -0.6313 0.0622 -0.7730 -0.5529 0.0545 -0.8315 -0.4691 0.0462 -0.8819 -0.3808 0.0375 -0.9239 -0.2889 0.0285 -0.9569 -0.1942 0.0191 -0.9808 -0.0975 0.0096 -0.9952 -0.0961 0.0191 0.9952 -0.1913 0.0381 0.9808 -0.2847 0.0566 0.9569 -0.3753 0.0747 0.9239 -0.4623 0.0920 0.8819 -0.5449 0.1084 0.8315 -0.6222 0.1238 0.7730 -0.6935 0.1379 0.7071 -0.7582 0.1508 0.6344 -0.8155 0.1622 0.5556 -0.8650 0.1721 0.4714 -0.9061 0.1802 0.3827 -0.9386 0.1867 0.2903 -0.9619 0.1913 0.1951 -0.9761 0.1942 0.0980 -0.9808 0.1951 0.0000 -0.9761 0.1942 -0.0980 -0.9619 0.1913 -0.1951 -0.9386 0.1867 -0.2903 -0.9061 0.1802 -0.3827 -0.8650 0.1721 -0.4714 -0.8155 0.1622 -0.5556 -0.7582 0.1508 -0.6344 -0.6935 0.1379 -0.7071 -0.6222 0.1238 -0.7730 -0.5449 0.1084 -0.8315 -0.4623 0.0920 -0.8819 -0.3753 0.0747 -0.9239 -0.2847 0.0566 -0.9569 -0.1913 0.0381 -0.9808 -0.0961 0.0191 -0.9952 -0.0938 0.0285 0.9952 -0.1867 0.0566 0.9808 -0.2778 0.0843 0.9569 -0.3662 0.1111 0.9239 -0.4511 0.1368 0.8819 -0.5316 0.1613 0.8315 -0.6071 0.1842 0.7730 -0.6767 0.2053 0.7071 -0.7397 0.2244 0.6344 -0.7957 0.2414 0.5556 -0.8439 0.2560 0.4714 -0.8841 0.2682 0.3827 -0.9157 0.2778 0.2903 -0.9386 0.2847 0.1951 -0.9523 0.2889 0.0980 -0.9569 0.2903 0.0000 -0.9523 0.2889 -0.0980 -0.9386 0.2847 -0.1951 -0.9157 0.2778 -0.2903 -0.8841 0.2682 -0.3827 -0.8439 0.2560 -0.4714 -0.7957 0.2414 -0.5556 -0.7397 0.2244 -0.6344 -0.6767 0.2053 -0.7071 -0.6071 0.1842 -0.7730 -0.5316 0.1613 -0.8315 -0.4511 0.1368 -0.8819 -0.3662 0.1111 -0.9239 -0.2778 0.0843 -0.9569 -0.1867 0.0566 -0.9808 -0.0938 0.0285 -0.9952 -0.0906 0.0375 0.9952 -0.1802 0.0747 0.9808 -0.2682 0.1111 0.9569 -0.3536 0.1464 0.9239 -0.4355 0.1804 0.8819 -0.5133 0.2126 0.8315 -0.5861 0.2428 0.7730 -0.6533 0.2706 0.7071 -0.7142 0.2958 0.6344 -0.7682 0.3182 0.5556 -0.8148 0.3375 0.4714 -0.8536 0.3536 0.3827 -0.8841 0.3662 0.2903 -0.9061 0.3753 0.1951 -0.9194 0.3808 0.0980 -0.9239 0.3827 0.0000 -0.9194 0.3808 -0.0980 -0.9061 0.3753 -0.1951 -0.8841 0.3662 -0.2903 -0.8536 0.3536 -0.3827 -0.8148 0.3375 -0.4714 -0.7682 0.3182 -0.5556 -0.7142 0.2958 -0.6344 -0.6533 0.2706 -0.7071 -0.5861 0.2428 -0.7730 -0.5133 0.2126 -0.8315 -0.4355 0.1804 -0.8819 -0.3536 0.1464 -0.9239 -0.2682 0.1111 -0.9569 -0.1802 0.0747 -0.9808 -0.0906 0.0375 -0.9952 -0.0864 0.0462 0.9952 -0.1721 0.0920 0.9808 -0.2560 0.1368 0.9569 -0.3375 0.1804 0.9239 -0.4157 0.2222 0.8819 -0.4900 0.2619 0.8315 -0.5595 0.2991 0.7730 -0.6236 0.3333 0.7071 -0.6817 0.3644 0.6344 -0.7333 0.3920 0.5556 -0.7778 0.4157 0.4714 -0.8148 0.4355 0.3827 -0.8439 0.4511 0.2903 -0.8650 0.4623 0.1951 -0.8777 0.4691 0.0980 -0.8819 0.4714 0.0000 -0.8777 0.4691 -0.0980 -0.8650 0.4623 -0.1951 -0.8439 0.4511 -0.2903 -0.8148 0.4355 -0.3827 -0.7778 0.4157 -0.4714 -0.7333 0.3920 -0.5556 -0.6817 0.3644 -0.6344 -0.6236 0.3333 -0.7071 -0.5595 0.2991 -0.7730 -0.4900 0.2619 -0.8315 -0.4157 0.2222 -0.8819 -0.3375 0.1804 -0.9239 -0.2560 0.1368 -0.9569 -0.1721 0.0920 -0.9808 -0.0864 0.0462 -0.9952 -0.0815 0.0545 0.9952 -0.1622 0.1084 0.9808 -0.2414 0.1613 0.9569 -0.3182 0.2126 0.9239 -0.3920 0.2619 0.8819 -0.4619 0.3087 0.8315 -0.5275 0.3524 0.7730 -0.5879 0.3928 0.7071 -0.6427 0.4295 0.6344 -0.6913 0.4619 0.5556 -0.7333 0.4900 0.4714 -0.7682 0.5133 0.3827 -0.7957 0.5316 0.2903 -0.8155 0.5449 0.1951 -0.8275 0.5529 0.0980 -0.8315 0.5556 0.0000 -0.8275 0.5529 -0.0980 -0.8155 0.5449 -0.1951 -0.7957 0.5316 -0.2903 -0.7682 0.5133 -0.3827 -0.7333 0.4900 -0.4714 -0.6913 0.4619 -0.5556 -0.6427 0.4295 -0.6344 -0.5879 0.3928 -0.7071 -0.5275 0.3524 -0.7730 -0.4619 0.3087 -0.8315 -0.3920 0.2619 -0.8819 -0.3182 0.2126 -0.9239 -0.2414 0.1613 -0.9569 -0.1622 0.1084 -0.9808 -0.0815 0.0545 -0.9952 -0.0758 0.0622 0.9952 -0.1508 0.1238 0.9808 -0.2244 0.1842 0.9569 -0.2958 0.2428 0.9239 -0.3644 0.2991 0.8819 -0.4295 0.3525 0.8315 -0.4904 0.4025 0.7730 -0.5466 0.4486 0.7071 -0.5975 0.4904 0.6344 -0.6427 0.5275 0.5556 -0.6817 0.5595 0.4714 -0.7142 0.5861 0.3827 -0.7397 0.6071 0.2903 -0.7582 0.6222 0.1951 -0.7693 0.6313 0.0980 -0.7730 0.6344 0.0000 -0.7693 0.6313 -0.0980 -0.7582 0.6222 -0.1951 -0.7397 0.6071 -0.2903 -0.7142 0.5861 -0.3827 -0.6817 0.5595 -0.4714 -0.6427 0.5275 -0.5556 -0.5975 0.4904 -0.6344 -0.5466 0.4486 -0.7071 -0.4904 0.4025 -0.7730 -0.4295 0.3525 -0.8315 -0.3644 0.2991 -0.8819 -0.2958 0.2428 -0.9239 -0.2244 0.1842 -0.9569 -0.1508 0.1238 -0.9808 -0.0758 0.0622 -0.9952 -0.0693 0.0693 0.9952 -0.1379 0.1379 0.9808 -0.2053 0.2053 0.9569 -0.2706 0.2706 0.9239 -0.3333 0.3333 0.8819 -0.3928 0.3928 0.8315 -0.4486 0.4486 0.7730 -0.5000 0.5000 0.7071 -0.5466 0.5466 0.6344 -0.5879 0.5879 0.5556 -0.6236 0.6236 0.4714 -0.6533 0.6533 0.3827 -0.6767 0.6767 0.2903 -0.6935 0.6935 0.1951 -0.7037 0.7037 0.0980 -0.7071 0.7071 0.0000 -0.7037 0.7037 -0.0980 -0.6935 0.6935 -0.1951 -0.6767 0.6767 -0.2903 -0.6533 0.6533 -0.3827 -0.6236 0.6236 -0.4714 -0.5879 0.5879 -0.5556 -0.5466 0.5466 -0.6344 -0.5000 0.5000 -0.7071 -0.4486 0.4486 -0.7730 -0.3928 0.3928 -0.8315 -0.3333 0.3333 -0.8819 -0.2706 0.2706 -0.9239 -0.2053 0.2053 -0.9569 -0.1379 0.1379 -0.9808 -0.0693 0.0693 -0.9952 -0.0622 0.0758 0.9952 -0.1238 0.1508 0.9808 -0.1842 0.2244 0.9569 -0.2428 0.2958 0.9239 -0.2991 0.3644 0.8819 -0.3525 0.4295 0.8315 -0.4025 0.4904 0.7730 -0.4486 0.5466 0.7071 -0.4904 0.5975 0.6344 -0.5275 0.6427 0.5556 -0.5595 0.6817 0.4714 -0.5861 0.7142 0.3827 -0.6071 0.7397 0.2903 -0.6222 0.7582 0.1951 -0.6313 0.7693 0.0980 -0.6344 0.7730 0.0000 -0.6313 0.7693 -0.0980 -0.6222 0.7582 -0.1951 -0.6071 0.7397 -0.2903 -0.5861 0.7142 -0.3827 -0.5595 0.6817 -0.4714 -0.5275 0.6427 -0.5556 -0.4904 0.5975 -0.6344 -0.4486 0.5466 -0.7071 -0.4025 0.4904 -0.7730 -0.3525 0.4295 -0.8315 -0.2991 0.3644 -0.8819 -0.2428 0.2958 -0.9239 -0.1842 0.2244 -0.9569 -0.1238 0.1508 -0.9808 -0.0622 0.0758 -0.9952 -0.0545 0.0815 0.9952 -0.1084 0.1622 0.9808 -0.1613 0.2414 0.9569 -0.2126 0.3182 0.9239 -0.2619 0.3920 0.8819 -0.3087 0.4619 0.8315 -0.3525 0.5275 0.7730 -0.3928 0.5879 0.7071 -0.4295 0.6427 0.6344 -0.4619 0.6913 0.5556 -0.4900 0.7333 0.4714 -0.5133 0.7682 0.3827 -0.5316 0.7957 0.2903 -0.5449 0.8155 0.1951 -0.5529 0.8275 0.0980 -0.5556 0.8315 0.0000 -0.5529 0.8275 -0.0980 -0.5449 0.8155 -0.1951 -0.5316 0.7957 -0.2903 -0.5133 0.7682 -0.3827 -0.4900 0.7333 -0.4714 -0.4619 0.6913 -0.5556 -0.4295 0.6427 -0.6344 -0.3928 0.5879 -0.7071 -0.3525 0.5275 -0.7730 -0.3087 0.4619 -0.8315 -0.2619 0.3920 -0.8819 -0.2126 0.3182 -0.9239 -0.1613 0.2414 -0.9569 -0.1084 0.1622 -0.9808 -0.0545 0.0815 -0.9952 -0.0462 0.0864 0.9952 -0.0920 0.1721 0.9808 -0.1368 0.2560 0.9569 -0.1804 0.3375 0.9239 -0.2222 0.4157 0.8819 -0.2619 0.4900 0.8315 -0.2991 0.5595 0.7730 -0.3333 0.6236 0.7071 -0.3644 0.6817 0.6344 -0.3920 0.7333 0.5556 -0.4157 0.7778 0.4714 -0.4355 0.8148 0.3827 -0.4511 0.8439 0.2903 -0.4623 0.8650 0.1951 -0.4691 0.8777 0.0980 -0.4714 0.8819 0.0000 -0.4691 0.8777 -0.0980 -0.4623 0.8650 -0.1951 -0.4511 0.8439 -0.2903 -0.4355 0.8148 -0.3827 -0.4157 0.7778 -0.4714 -0.3920 0.7333 -0.5556 -0.3644 0.6817 -0.6344 -0.3333 0.6236 -0.7071 -0.2991 0.5595 -0.7730 -0.2619 0.4900 -0.8315 -0.2222 0.4157 -0.8819 -0.1804 0.3375 -0.9239 -0.1368 0.2560 -0.9569 -0.0920 0.1721 -0.9808 -0.0462 0.0864 -0.9952 -0.0375 0.0906 0.9952 -0.0747 0.1802 0.9808 -0.1111 0.2682 0.9569 -0.1464 0.3536 0.9239 -0.1804 0.4355 0.8819 -0.2126 0.5133 0.8315 -0.2428 0.5861 0.7730 -0.2706 0.6533 0.7071 -0.2958 0.7142 0.6344 -0.3182 0.7682 0.5556 -0.3375 0.8148 0.4714 -0.3536 0.8536 0.3827 -0.3662 0.8841 0.2903 -0.3753 0.9061 0.1951 -0.3808 0.9194 0.0980 -0.3827 0.9239 0.0000 -0.3808 0.9194 -0.0980 -0.3753 0.9061 -0.1951 -0.3662 0.8841 -0.2903 -0.3536 0.8536 -0.3827 -0.3375 0.8148 -0.4714 -0.3182 0.7682 -0.5556 -0.2958 0.7142 -0.6344 -0.2706 0.6533 -0.7071 -0.2428 0.5861 -0.7730 -0.2126 0.5133 -0.8315 -0.1804 0.4355 -0.8819 -0.1464 0.3536 -0.9239 -0.1111 0.2682 -0.9569 -0.0747 0.1802 -0.9808 -0.0375 0.0906 -0.9952 -0.0285 0.0938 0.9952 -0.0566 0.1867 0.9808 -0.0843 0.2778 0.9569 -0.1111 0.3662 0.9239 -0.1368 0.4511 0.8819 -0.1613 0.5316 0.8315 -0.1842 0.6071 0.7730 -0.2053 0.6767 0.7071 -0.2244 0.7397 0.6344 -0.2414 0.7957 0.5556 -0.2560 0.8439 0.4714 -0.2682 0.8841 0.3827 -0.2778 0.9157 0.2903 -0.2847 0.9386 0.1951 -0.2889 0.9523 0.0980 -0.2903 0.9569 0.0000 -0.2889 0.9523 -0.0980 -0.2847 0.9386 -0.1951 -0.2778 0.9157 -0.2903 -0.2682 0.8841 -0.3827 -0.2560 0.8439 -0.4714 -0.2414 0.7957 -0.5556 -0.2244 0.7397 -0.6344 -0.2053 0.6767 -0.7071 -0.1842 0.6071 -0.7730 -0.1613 0.5316 -0.8315 -0.1368 0.4511 -0.8819 -0.1111 0.3662 -0.9239 -0.0843 0.2778 -0.9569 -0.0566 0.1867 -0.9808 -0.0285 0.0938 -0.9952 -0.0191 0.0961 0.9952 -0.0381 0.1913 0.9808 -0.0566 0.2847 0.9569 -0.0747 0.3753 0.9239 -0.0920 0.4623 0.8819 -0.1084 0.5449 0.8315 -0.1238 0.6222 0.7730 -0.1379 0.6935 0.7071 -0.1508 0.7582 0.6344 -0.1622 0.8155 0.5556 -0.1721 0.8650 0.4714 -0.1802 0.9061 0.3827 -0.1867 0.9386 0.2903 -0.1913 0.9619 0.1951 -0.1942 0.9761 0.0980 -0.1951 0.9808 0.0000 -0.1942 0.9761 -0.0980 -0.1913 0.9619 -0.1951 -0.1867 0.9386 -0.2903 -0.1802 0.9061 -0.3827 -0.1721 0.8650 -0.4714 -0.1622 0.8155 -0.5556 -0.1508 0.7582 -0.6344 -0.1379 0.6935 -0.7071 -0.1238 0.6222 -0.7730 -0.1084 0.5449 -0.8315 -0.0920 0.4623 -0.8819 -0.0747 0.3753 -0.9239 -0.0566 0.2847 -0.9569 -0.0381 0.1913 -0.9808 -0.0191 0.0961 -0.9952 -0.0096 0.0975 0.9952 -0.0191 0.1942 0.9808 -0.0285 0.2889 0.9569 -0.0375 0.3808 0.9239 -0.0462 0.4691 0.8819 -0.0545 0.5529 0.8315 -0.0622 0.6313 0.7730 -0.0693 0.7037 0.7071 -0.0758 0.7693 0.6344 -0.0815 0.8275 0.5556 -0.0864 0.8777 0.4714 -0.0906 0.9194 0.3827 -0.0938 0.9523 0.2903 -0.0961 0.9761 0.1951 -0.0975 0.9904 0.0980 -0.0980 0.9952 0.0000 -0.0975 0.9904 -0.0980 -0.0961 0.9761 -0.1951 -0.0938 0.9523 -0.2903 -0.0906 0.9194 -0.3827 -0.0864 0.8777 -0.4714 -0.0815 0.8275 -0.5556 -0.0758 0.7693 -0.6344 -0.0693 0.7037 -0.7071 -0.0622 0.6313 -0.7730 -0.0545 0.5529 -0.8315 -0.0462 0.4691 -0.8819 -0.0375 0.3808 -0.9239 -0.0285 0.2889 -0.9569 -0.0191 0.1942 -0.9808 -0.0096 0.0975 -0.9952 0.0000 0.3827 0.9239 -0.0000 0.5556 0.8315 -0.0000 0.6344 0.7730 0.0000 0.7071 0.7071 -0.0000 0.7730 0.6344 -0.0000 0.8315 0.5556 0.0000 0.9808 0.1951 0.0000 0.9808 -0.1951 -0.0000 0.8315 -0.5556 -0.0000 0.7730 -0.6344 0.0000 0.7071 -0.7071 -0.0000 0.6344 -0.7730 -0.0000 0.5556 -0.8315 0.0000 0.4714 -0.8819 0.0000 0.3827 -0.9239 0.0000 0.1951 -0.9808 '/>
        </IndexedFaceSet>
      </Shape>
    </Transform>
    <Transform translation='0.0000 0.0000 0.0000'>
      <Shape>
        <Appearance><Material diffuseColor='0.100 0.100 0.100'/></Appearance>
        <IndexedFaceSet coordIndex='0 1 3 2 -1 '>
          <Coordinate point='-10.0000 -10.0000 0.0000 10.0000 -10.0000 0.0000 -10.0000 10.0000 0.0000 10.0000 10.0000 0.0000 '/>
        </IndexedFaceSet>
      </Shape>
    </Transform>
    <Transform translation='0.0000 0.0000 2.5000'>
      <Shape>
        <Appearance><Material diffuseColor='0.800 0.100 0.100'/></Appearance>
        <IndexedFaceSet coordIndex='0 1 62 61 -1 1 2 63 62 -1 2 3 64 63 -1 3 4 65 64 -1 4 5 66 65 -1 5 6 67 66 -1 6 7 68 67 -1 7 8 69 68 -1 8 9 70 69 -1 9 10 71 70 -1 10 11 72 71 -1 11 12 73 72 -1 12 13 74 73 -1 13 14 75 74 -1 14 15 76 75 -1 15 16 77 76 -1 16 17 78 77 -1 17 18 79 78 -1 18 19 80 79 -1 19 20 81 80 -1 20 21 82 81 -1 21 22 83 82 -1 22 23 84 83 -1 23 24 85 84 -1 24 25 86 85 -1 25 26 87 86 -1 26 27 88 87 -1 27 28 89 88 -1 28 29 90 89 -1 29 30 91 90 -1 30 31 92 91 -1 31 32 93 92 -1 32 33 94 93 -1 33 34 95 94 -1 34 35 96 95 -1 35 36 97 96 -1 36 37 98 97 -1 37 38 99 98 -1 38 39 100 99 -1 39 40 101 100 -1 40 41 102 101 -1 41 42 103 102 -1 42 43 104 103 -1 43 44 105 104 -1 44 45 106 105 -1 45 46 107 106 -1 46 47 108 107 -1 47 48 109 108 -1 48 49 110 109 -1 49 50 111 110 -1 50 51 112 111 -1 51 52 113 112 -1 52 53 114 113 -1 53 54 115 114 -1 54 55 116 115 -1 55 56 117 116 -1 56 57 118 117 -1 57 58 119 118 -1 58 59 120 119 -1 59 60 121 120 -1 61 62 123 122 -1 62 63 124 123 -1 63 64 125 124 -1 64 65 126 125 -1 65 66 127 126 -1 66 67 128 127 -1 67 68 129 128 -1 68 69 130 129 -1 69 70 131 130 -1 70 71 132 131 -1 71 72 133 132 -1 72 73 134 133 -1 73 74 135 134 -1 74 75 136 135 -1 75 76 137 136 -1 76 77 138 137 -1 77 78 139 138 -1 78 79 140 139 -1 79 80 141 140 -1 80 81 142 141 -1 81 82 143 142 -1 82 83 144 143 -1 83 84 145 144 -1 84 85 146 145 -1 85 86 147 146 -1 86 87 148 147 -1 87 88 149 148 -1 88 89 150 149 -1 89 90 151 150 -1 90 91 152 151 -1 91 92 153 152 -1 92 93 154 153 -1 93 94 155 154 -1 94 95 156 155 -1 95 96 157 156 -1 96 97 158 157 -1 97 98 159 158 -1 98 99 160 159 -1 99 100 161 160 -1 100 101 162 161 -1 101 102 163 162 -1 102 103 164 163 -1 103 104 165 164 -1 104 105 166 165 -1 105 106 167 166 -1 106 107 168 167 -1 107 108 169 168 -1 108 109 170 169 -1 109 110 171 170 -1 110 111 172 171 -1 111 112 173 172 -1 112 113 174 173 -1 113 114 175 174 -1 114 115 176 175 -1 115 116 177 176 -1 116 117 178 177 -1 117 118 179 178 -1 118 119 180 179 -1 119 120 181 180 -1 120 121 182 181 -1 122 123 184 183 -1 123 124 185 184 -1 124 125 186 185 -1 125 126 187 186 -1 126 127 188 187 -1 127 128 189 188 -1 128 129 190 189 -1 129 130 191 190 -1 130 131 192 191 -1 131 132 193 192 -1 132 133 194 193 -1 133 134 195 194 -1 134 135 196 195 -1 135 136 197 196 -1 136 137 198 197 -1 137 138 199 198 -1 138 139 200 199 -1 139 140 201 200 -1 140 141 202 201 -1 141 142 203 202 -1 142 143 204 203 -1 143 144 205 204 -1 144 145 206 205 -1 145 146 207 206 -1 146 147 208 207 -1 147 148 209 208 -1 148 149 210 209 -1 149 150 211 210 -1 150 151 212 211 -1 151 152 213 212 -1 152 153 214 213 -1 153 154 215 214 -1 154 155 216 215 -1 155 156 217 216 -1 156 157 218 217 -1 157 158 219 218 -1 158 159 220 219 -1 159 160 221 220 -1 160 161 222 221 -1 161 162 223 222 -1 162 163 224 223 -1 163 164 225 224 -1 164 165 226 225 -1 165 166 227 226 -1 166 167 228 227 -1 167 168 229 228 -1 168 169 230 229 -1 169 170 231 230 -1 170 171 232 231 -1 171 172 233 232 -1 172 173 234 233 -1 173 174 235 234 -1 174 175 236 235 -1 175 176 237 236 -1 176 177 238 237 -1 177 178 239 238 -1 178 179 240 239 -1 179 180 241 240 -1 180 181 242 241 -1 181 182 243 242 -1 183 184 245 244 -1 184 185 246 245 -1 185 186 247 246 -1 186 187 248 247 -1 187 188 249 248 -1 188 189 250 249 -1 189 190 251 250 -1 190 191 252 251 -1 191 192 253 252 -1 192 193 254 253 -1 193 194 255 254 -1 194 195 256 255 -1 195 196 257 256 -1 196 197 258 257 -1 197 198 259 258 -1 198 199 260 259 -1 199 200 261 260 -1 200 201 262 261 -1 201 202 263 262 -1 202 203 264 263 -1 203 204 265 264 -1 204 205 266 265 -1 205 206 267 266 -1 206 207 268 267 -1 207 208 269 268 -1 208 209 270 269 -1 209 210 271 270 -1 210 211 272 271 -1 211 212 273 272 -1 212 213 274 273 -1 213 214 275 274 -1 214 215 276 275 -1 215 216 277 276 -1 216 217 278 277 -1 217 218 279 278 -1 218 219 280 279 -1 219 220 281 280 -1 220 221 282 281 -1 221 222 283 282 -1 222 223 284 283 -1 223 224 285 284 -1 224 225 286 285 -1 225 226 287 286 -1 226 227 288 287 -1 227 228 289 288 -1 228 229 290 289 -1 229 230 291 290 -1 230 231 292 291 -1 231 232 293 292 -1 232 233 294 293 -1 233 234 295 294 -1 234 235 296 295 -1 235 236 297 296 -1 236 237 298 297 -1 237 238 299 298 -1 238 239 300 299 -1 239 240 301 300 -1 240 241 302 301 -1 241 242 303 302 -1 242 243 304 303 -1 244 245 306 305 -1 245 246 307 306 -1 246 247 308 307 -1 247 248 309 308 -1 248 249 310 309 -1 249 250 311 310 -1 250 251 312 311 -1 251 252 313 312 -1 252 253 314 313 -1 253 254 315 314 -1 254 255 316 315 -1 255 256 317 316 -1 256 257 318 317 -1 257 258 319 318 -1 258 259 320 319 -1 259 260 321 320 -1 260 261 322 321 -1 261 262 323 322 -1 262 263 324 323 -1 263 264 325 324 -1 264 265 326 325 -1 265 266 327 326 -1 266 267 328 327 -1 267 268 329 328 -1 268 269 330 329 -1 269 270 331 330 -1 270 271 332 331 -1 271 272 333 332 -1 272 273 334 333 -1 273 274 335 334 -1 274 275 336 335 -1 275 276 337 336 -1 276 277 338 337 -1 277 278 339 338 -1 278 279 340 339 -1 279 280 341 340 -1 280 281 342 341 -1 281 282 343 342 -1 282 283 344 343 -1 283 284 345 344 -1 284 285 346 345 -1 285 286 347 346 -1 286 287 348 347 -1 287 288 349 348 -1 288 289 350 349 -1 289 290 351 350 -1 290 291 352 351 -1 291 292 353 352 -1 292 293 354 353 -1 293 294 355 354 -1 294 295 356 355 -1 295 296 357 356 -1 296 297 358 357 -1 297 298 359 358 -1 298 299 360 359 -1 299 300 361 360 -1 300 301 362 361 -1 301 302 363 362 -1 302 303 364 363 -1 303 304 365 364 -1 305 306 367 366 -1 306 307 368 367 -1 307 308 369 368 -1 308 309 370 369 -1 309 310 371 370 -1 310 311 372 371 -1 311 312 373 372 -1 312 313 374 373 -1 313 314 375 374 -1 314 315 376 375 -1 315 316 377 376 -1 316 317 378 377 -1 317 318 379 378 -1 318 319 380 379 -1 319 320 381 380 -1 320 321 382 381 -1 321 322 383 382 -1 322 323 384 383 -1 323 324 385 384 -1 324 325 386 385 -1 325 326 387 386 -1 326 327 388 387 -1 327 328 389 388 -1 328 329 390 389 -1 329 330 391 390 -1 330 331 392 391 -1 331 332 393 392 -1 332 333 394 393 -1 333 334 395 394 -1 334 335 396 395 -1 335 336 397 396 -1 336 337 398 397 -1 337 338 399 398 -1 338 339 400 399 -1 339 340 401 400 -1 340 341 402 401 -1 341 342 403 402 -1 342 343 404 403 -1 343 344 405 404 -1 344 345 406 405 -1 345 346 407 406 -1 346 347 408 407 -1 347 348 409 408 -1 348 349 410 409 -1 349 350 411 410 -1 350 351 412 411 -1 351 352 413 412 -1 352 353 414 413 -1 353 354 415 414 -1 354 355 416 415 -1 355 356 417 416 -1 356 357 418 417 -1 357 358 419 418 -1 358 359 420 419 -1 359 360 421 420 -1 360 361 422 421 -1 361 362 423 422 -1 362 363 424 423 -1 363 364 425 424 -1 364 365 426 425 -1 366 367 428 427 -1 367 368 429 428 -1 368 369 430 429 -1 369 370 431 430 -1 370 371 432 431 -1 371 372 433 432 -1 372 373 434 433 -1 373 374 435 434 -1 374 375 436 435 -1 375 376 437 436 -1 376 377 438 437 -1 377 378 439 438 -1 378 379 440 439 -1 379 380 441 440 -1 380 381 442 441 -1 381 382 443 442 -1 382 383 444 443 -1 383 384 445 444 -1 384 385 446 445 -1 385 386 447 446 -1 386 387 448 447 -1 387 388 449 448 -1 388 389 450 449 -1 389 390 451 450 -1 390 391 452 451 -1 391 392 453 452 -1 392 393 454 453 -1 393 394 455 454 -1 394 395 456 455 -1 395 396 457 456 -1 396 397 458 457 -1 397 398 459 458 -1 398 399 460 459 -1 399 400 461 460 -1 400 401 462 461 -1 401 402 463 462 -1 402 403 464 463 -1 403 404 465 464 -1 404 405 466 465 -1 405 406 467 466 -1 406 407 468 467 -1 407 408 469 468 -1 408 409 470 469 -1 409 410 471 470 -1 410 411 472 471 -1 411 412 473 472 -1 412 413 474 473 -1 413 414 475 474 -1 414 415 476 475 -1 415 416 477 476 -1 416 417 478 477 -1 417 418 479 478 -1 418 419 480 479 -1 419 420 481 480 -1 420 421 482 481 -1 421 422 483 482 -1 422 423 484 483 -1 423 424 485 484 -1 424 425 486 485 -1 425 426 487 486 -1 427 428 489 488 -1 428 429 490 489 -1 429 430 491 490 -1 430 431 492 491 -1 431 432 493 492 -1 432 433 494 493 -1 433 434 495 494 -1 434 435 496 495 -1 435 436 497 496 -1 436 437 498 497 -1 437 438 499 498 -1 438 439 500 499 -1 439 440 501 500 -1 440 441 502 501 -1 441 442 503 502 -1 442 443 504 503 -1 443 444 505 504 -1 444 445 506 505 -1 445 446 507 506 -1 446 447 508 507 -1 447 448 509 508 -1 448 449 510 509 -1 449 450 511 510 -1 450 451 512 511 -1 451 452 513 512 -1 452 453 514 513 -1 453 454 515 514 -1 454 455 516 515 -1 455 456 517 516 -1 456 457 518 517 -1 457 458 519 518 -1 458 459 520 519 -1 459 460 521 520 -1 460 461 522 521 -1 461 462 523 522 -1 462 463 524 523 -1 463 464 525 524 -1 464 465 526 525 -1 465 466 527 526 -1 466 467 528 527 -1 467 468 529 528 -1 468 469 530 529 -1 469 470 531 530 -1 470 471 532 531 -1 471 472 533 532 -1 472 473 534 533 -1 473 474 535 534 -1 474 475 536 535 -1 475 476 537 536 -1 476 477 538 537 -1 477 478 539 538 -1 478 479 540 539 -1 479 480 541 540 -1 480 481 542 541 -1 481 482 543 542 -1 482 483 544 543 -1 483 484 545 544 -1 484 485 546 545 -1 485 486 547 546 -1 486 487 548 547 -1 488 489 550 549 -1 489 490 551 550 -1 490 491 552 551 -1 491 492 553 552 -1 492 493 554 553 -1 493 494 555 554 -1 494 495 556 555 -1 495 496 557 556 -1 496 497 558 557 -1 497 498 559 558 -1 498 499 560 559 -1 499 500 561 560 -1 500 501 562 561 -1 501 502 563 562 -1 502 503 564 563 -1 503 504 565 564 -1 504 505 566 565 -1 505 506 567 566 -1 506 507 568 567 -1 507 508 569 568 -1 508 509 570 569 -1 509 510 571 570 -1 510 511 572 571 -1 511 512 573 572 -1 512 513 574 573 -1 513 514 575 574 -1 514 515 576 575 -1 515 516 577 576 -1 516 517 578 577 -1 517 518 579 578 -1 518 519 580 579 -1 519 520 581 580 -1 520 521 582 581 -1 521 522 583 582 -1 522 523 584 583 -1 523 524 585 584 -1 524 525 586 585 -1 525 526 587 586 -1 526 527 588 587 -1 527 528 589 588 -1 528 529 590 589 -1 529 530 591 590 -1 530 531 592 591 -1 531 532 593 592 -1 532 533 594 593 -1 533 534 595 594 -1 534 535 596 595 -1 535 536 597 596 -1 536 537 598 597 -1 537 538 599 598 -1 538 539 600 599 -1 539 540 601 600 -1 540 541 602 601 -1 541 542 603 602 -1 542 543 604 603 -1 543 544 605 604 -1 544 545 606 605 -1 545 546 607 606 -1 546 547 608 607 -1 547 548 609 608 -1 549 550 611 610 -1 550 551 612 611 -1 551 552 613 612 -1 552 553 614 613 -1 553 554 615 614 -1 554 555 616 615 -1 555 556 617 616 -1 556 557 618 617 -1 557 558 619 618 -1 558 559 620 619 -1 559 560 621 620 -1 560 561 622 621 -1 561 562 623 622 -1 562 563 624 623 -1 563 564 625 624 -1 564 565 626 625 -1 565 566 627 626 -1 566 567 628 627 -1 567 568 629 628 -1 568 569 630 629 -1 569 570 631 630 -1 570 571 632 631 -1 571 572 633 632 -1 572 573 634 633 -1 573 574 635 634 -1 574 575 636 635 -1 575 576 637 636 -1 576 577 638 637 -1 577 578 639 638 -1 578 579 640 639 -1 579 580 641 640 -1 580 581 642 641 -1 581 582 643 642 -1 582 583 644 643 -1 583 584 645 644 -1 584 585 646 645 -1 585 586 647 646 -1 586 587 648 647 -1 587 588 649 648 -1 588 589 650 649 -1 589 590 651 650 -1 590 591 652 651 -1 591 592 653 652 -1 592 593 654 653 -1 593 594 655 654 -1 594 595 656 655 -1 595 596 657 656 -1 596 597 658 657 -1 597 598 659 658 -1 598 599 660 659 -1 599 600 661 660 -1 600 601 662 661 -1 601 602 663 662 -1 602 603 664 663 -1 603 604 665 664 -1 604 605 666 665 -1 605 606 667 666 -1 606 607 668 667 -1 607 608 669 668 -1 608 609 670 669 -1 610 611 672 671 -1 611 612 673 672 -1 612 613 674 673 -1 613 614 675 674 -1 614 615 676 675 -1 615 616 677 676 -1 616 617 678 677 -1 617 618 679 678 -1 618 619 680 679 -1 619 620 681 680 -1 620 621 682 681 -1 621 622 683 682 -1 622 623 684 683 -1 623 624 685 684 -1 624 625 686 685 -1 625 626 687 686 -1 626 627 688 687 -1 627 628 689 688 -1 628 629 690 689 -1 629 630 691 690 -1 630 631 692 691 -1 631 632 693 692 -1 632 633 694 693 -1 633 634 695 694 -1 634 635 696 695 -1 635 636 697 696 -1 636 637 698 697 -1 637 638 699 698 -1 638 639 700 699 -1 639 640 701 700 -1 640 641 702 701 -1 641 642 703 702 -1 642 643 704 703 -1 643 644 705 704 -1 644 645 706 705 -1 645 646 707 706 -1 646 647 708 707 -1 647 648 709 708 -1 648 649 710 709 -1 649 650 711 710 -1 650 651 712 711 -1 651 652 713 712 -1 652 653 714 713 -1 653 654 715 714 -1 654 655 716 715 -1 655 656 717 716 -1 656 657 718 717 -1 657 658 719 718 -1 658 659 720 719 -1 659 660 721 720 -1 660 661 722 721 -1 661 662 723 722 -1 662 663 724 723 -1 663 664 725 724 -1 664 665 726 725 -1 665 666 727 726 -1 666 667 728 727 -1 667 668 729 728 -1 668 669 730 729 -1 669 670 731 730 -1 671 672 733 732 -1 672 673 734 733 -1 673 674 735 734 -1 674 675 736 735 -1 675 676 737 736 -1 676 677 738 737 -1 677 678 739 738 -1 678 679 740 739 -1 679 680 741 740 -1 680 681 742 741 -1 681 682 743 742 -1 682 683 744 743 -1 683 684 745 744 -1 684 685 746 745 -1 685 686 747 746 -1 686 687 748 747 -1 687 688 749 748 -1 688 689 750 749 -1 689 690 751 750 -1 690 691 752 751 -1 691 692 753 752 -1 692 693 754 753 -1 693 694 755 754 -1 694 695 756 755 -1 695 696 757 756 -1 696 697 758 757 -1 697 698 759 758 -1 698 699 760 759 -1 699 700 761 760 -1 700 701 762 761 -1 701 702 763 762 -1 702 703 764 763 -1 703 704 765 764 -1 704 705 766 765 -1 705 706 767 766 -1 706 707 768 767 -1 707 708 769 768 -1 708 709 770 769 -1 709 710 771 770 -1 710 711 772 771 -1 711 712 773 772 -1 712 713 774 773 -1 713 714 775 774 -1 714 715 776 775 -1 715 716 777 776 -1 716 717 778 777 -1 717 718 779 778 -1 718 719 780 779 -1 719 720 781 780 -1 720 721 782 781 -1 721 722 783 782 -1 722 723 784 783 -1 723 724 785 784 -1 724 725 786 785 -1 725 726 787 786 -1 726 727 788 787 -1 727 728 789 788 -1 728 729 790 789 -1 729 730 791 790 -1 730 731 792 791 -1 732 733 794 793 -1 733 734 795 794 -1 734 735 796 795 -1 735 736 797 796 -1 736 737 798 797 -1 737 738 799 798 -1 738 739 800 799 -1 739 740 801 800 -1 740 741 802 801 -1 741 742 803 802 -1 742 743 804 803 -1 743 744 805 804 -1 744 745 806 805 -1 745 746 807 806 -1 746 747 808 807 -1 747 748 809 808 -1 748 749 810 809 -1 749 750 811 810 -1 750 751 812 811 -1 751 752 813 812 -1 752 753 814 813 -1 753 754 815 814 -1 754 755 816 815 -1 755 756 817 816 -1 756 757 818 817 -1 757 758 819 818 -1 758 759 820 819 -1 759 760 821 820 -1 760 761 822 821 -1 761 762 823 822 -1 762 763 824 823 -1 763 764 825 824 -1 764 765 826 825 -1 765 766 827 826 -1 766 767 828 827 -1 767 768 829 828 -1 768 769 830 829 -1 769 770 831 830 -1 770 771 832 831 -1 771 772 833 832 -1 772 773 834 833 -1 773 774 835 834 -1 774 775 836 835 -1 775 776 837 836 -1 776 777 838 837 -1 777 778 839 838 -1 778 779 840 839 -1 779 780 841 840 -1 780 781 842 841 -1 781 782 843 842 -1 782 783 844 843 -1 783 784 845 844 -1 784 785 846 845 -1 785 786 847 846 -1 786 787 848 847 -1 787 788 849 848 -1 788 789 850 849 -1 789 790 851 850 -1 790 791 852 851 -1 791 792 853 852 -1 793 794 855 854 -1 794 795 856 855 -1 795 796 857 856 -1 796 797 858 857 -1 797 798 859 858 -1 798 799 860 859 -1 799 800 861 860 -1 800 801 862 861 -1 801 802 863 862 -1 802 803 864 863 -1 803 804 865 864 -1 804 805 866 865 -1 805 806 867 866 -1 806 807 868 867 -1 807 808 869 868 -1 808 809 870 869 -1 809 810 871 870 -1 810 811 872 871 -1 811 812 873 872 -1 812 813 874 873 -1 813 814 875 874 -1 814 815 876 875 -1 815 816 877 876 -1 816 817 878 877 -1 817 818 879 878 -1 818 819 880 879 -1 819 820 881 880 -1 820 821 882 881 -1 821 822 883 882 -1 822 823 884 883 -1 823 824 885 884 -1 824 825 886 885 -1 825 826 887 886 -1 826 827 888 887 -1 827 828 889 888 -1 828 829 890 889 -1 829 830 891 890 -1 830 831 892 891 -1 831 832 893 892 -1 832 833 894 893 -1 833 834 895 894 -1 834 835 896 895 -1 835 836 897 896 -1 836 837 898 897 -1 837 838 899 898 -1 838 839 900 899 -1 839 840 901 900 -1 840 841 902 901 -1 841 842 903 902 -1 842 843 904 903 -1 843 844 905 904 -1 844 845 906 905 -1 845 846 907 906 -1 846 847 908 907 -1 847 848 909 908 -1 848 849 910 909 -1 849 850 911 910 -1 850 851 912 911 -1 851 852 913 912 -1 852 853 914 913 -1 854 855 916 915 -1 855 856 917 916 -1 856 857 918 917 -1 857 858 919 918 -1 858 859 920 919 -1 859 860 921 920 -1 860 861 922 921 -1 861 862 923 922 -1 862 863 924 923 -1 863 864 925 924 -1 864 865 926 925 -1 865 866 927 926 -1 866 867 928 927 -1 867 868 929 928 -1 868 869 930 929 -1 869 870 931 930 -1 870 871 932 931 -1 871 872 933 932 -1 872 873 934 933 -1 873 874 935 934 -1 874 875 936 935 -1 875 876 937 936 -1 876 877 938 937 -1 877 878 939 938 -1 878 879 940 939 -1 879 880 941 940 -1 880 881 942 941 -1 881 882 943 942 -1 882 883 944 943 -1 883 884 945 944 -1 884 885 946 945 -1 885 886 947 946 -1 886 887 948 947 -1 887 888 949 948 -1 888 889 950 949 -1 889 890 951 950 -1 890 891 952 951 -1 891 892 953 952 -1 892 893 954 953 -1 893 894 955 954 -1 894 895 956 955 -1 895 896 957 956 -1 896 897 958 957 -1 897 898 959 958 -1 898 899 960 959 -1 899 900 961 960 -1 900 901 962 961 -1 901 902 963 962 -1 902 903 964 963 -1 903 904 965 964 -1 904 905 966 965 -1 905 906 967 966 -1 906 907 968 967 -1 907 908 969 968 -1 908 909 970 969 -1 909 910 971 970 -1 910 911 972 971 -1 911 912 973 972 -1 912 913 974 973 -1 913 914 975 974 -1 915 916 977 976 -1 916 917 978 977 -1 917 918 979 978 -1 918 919 980 979 -1 919 920 981 980 -1 920 921 982 981 -1 921 922 983 982 -1 922 923 984 983 -1 923 924 985 984 -1 924 925 986 985 -1 925 926 987 986 -1 926 927 988 987 -1 927 928 989 988 -1 928 929 990 989 -1 929 930 991 990 -1 930 931 992 991 -1 931 932 993 992 -1 932 933 994 993 -1 933 934 995 994 -1 934 935 996 995 -1 935 936 997 996 -1 936 937 998 997 -1 937 938 999 998 -1 938 939 1000 999 -1 939 940 1001 1000 -1 940 941 1002 1001 -1 941 942 1003 1002 -1 942 943 1004 1003 -1 943 944 1005 1004 -1 944 945 1006 1005 -1 945 946 1007 1006 -1 946 947 1008 1007 -1 947 948 1009 1008 -1 948 949 1010 1009 -1 949 950 1011 1010 -1 950 951 1012 1011 -1 951 952 1013 1012 -1 952 953 1014 1013 -1 953 954 1015 1014 -1 954 955 1016 1015 -1 955 956 1017 1016 -1 956 957 1018 1017 -1 957 958 1019 1018 -1 958 959 1020 1019 -1 959 960 1021 1020 -1 960 961 1022 1021 -1 961 962 1023 1022 -1 962 963 1024 1023 -1 963 964 1025 1024 -1 964 965 1026 1025 -1 965 966 1027 1026 -1 966 967 1028 1027 -1 967 968 1029 1028 -1 968 969 1030 1029 -1 969 970 1031 1030 -1 970 971 1032 1031 -1 971 972 1033 1032 -1 972 973 1034 1033 -1 973 974 1035 1034 -1 974 975 1036 1035 -1 976 977 1038 1037 -1 977 978 1039 1038 -1 978 979 1040 1039 -1 979 980 1041 1040 -1 980 981 1042 1041 -1 981 982 1043 1042 -1 982 983 1044 1043 -1 983 984 1045 1044 -1 984 985 1046 1045 -1 985 986 1047 1046 -1 986 987 1048 1047 -1 987 988 1049 1048 -1 988 989 1050 1049 -1 989 990 1051 1050 -1 990 991 1052 1051 -1 991 992 1053 1052 -1 992 993 1054 1053 -1 993 994 1055 1054 -1 994 995 1056 1055 -1 995 996 1057 1056 -1 996 997 1058 1057 -1 997 998 1059 1058 -1 998 999 1060 1059 -1 999 1000 1061 1060 -1 1000 1001 1062 1061 -1 1001 1002 1063 1062 -1 1002 1003 1064 1063 -1 1003 1004 1065 1064 -1 1004 1005 1066 1065 -1 1005 1006 1067 1066 -1 1006 1007 1068 1067 -1 1007 1008 1069 1068 -1 1008 1009 1070 1069 -1 1009 1010 1071 1070 -1 1010 1011 1072 1071 -1 1011 1012 1073 1072 -1 1012 1013 1074 1073 -1 1013 1014 1075 1074 -1 1014 1015 1076 1075 -1 1015 1016 1077 1076 -1 1016 1017 1078 1077 -1 1017 1018 1079 1078 -1 1018 1019 1080 1079 -1 1019 1020 1081 1080 -1 1020 1021 1082 1081 -1 1021 1022 1083 1082 -1 1022 1023 1084 1083 -1 1023 1024 1085 1084 -1 1024 1025 1086 1085 -1 1025 1026 1087 1086 -1 1026 1027 1088 1087 -1 1027 1028 1089 1088 -1 1028 1029 1090 1089 -1 1029 1030 1091 1090 -1 1030 1031 1092 1091 -1 1031 1032 1093 1092 -1 1032 1033 1094 1093 -1 1033 1034 1095 1094 -1 1034 1035 1096 1095 -1 1035 1036 1097 1096 -1 1037 1038 1099 1098 -1 1038 1039 1100 1099 -1 1039 1040 1101 1100 -1 1040 1041 1102 1101 -1 1041 1042 1103 1102 -1 1042 1043 1104 1103 -1 1043 1044 1105 1104 -1 1044 1045 1106 1105 -1 1045 1046 1107 1106 -1 1046 1047 1108 1107 -1 1047 1048 1109 1108 -1 1048 1049 1110 1109 -1 1049 1050 1111 1110 -1 1050 1051 1112 1111 -1 1051 1052 1113 1112 -1 1052 1053 1114 1113 -1 1053 1054 1115 1114 -1 1054 1055 1116 1115 -1 1055 1056 1117 1116 -1 1056 1057 1118 1117 -1 1057 1058 1119 1118 -1 1058 1059 1120 1119 -1 1059 1060 1121 1120 -1 1060 1061 1122 1121 -1 1061 1062 1123 1122 -1 1062 1063 1124 1123 -1 1063 1064 1125 1124 -1 1064 1065 1126 1125 -1 1065 1066 1127 1126 -1 1066 1067 1128 1127 -1 1067 1068 1129 1128 -1 1068 1069 1130 1129 -1 1069 1070 1131 1130 -1 1070 1071 1132 1131 -1 1071 1072 1133 1132 -1 1072 1073 1134 1133 -1 1073 1074 1135 1134 -1 1074 1075 1136 1135 -1 1075 1076 1137 1136 -1 1076 1077 1138 1137 -1 1077 1078 1139 1138 -1 1078 1079 1140 1139 -1 1079 1080 1141 1140 -1 1080 1081 1142 1141 -1 1081 1082 1143 1142 -1 1082 1083 1144 1143 -1 1083 1084 1145 1144 -1 1084 1085 1146 1145 -1 1085 1086 1147 1146 -1 1086 1087 1148 1147 -1 1087 1088 1149 1148 -1 1088 1089 1150 1149 -1 1089 1090 1151 1150 -1 1090 1091 1152 1151 -1 1091 1092 1153 1152 -1 1092 1093 1154 1153 -1 1093 1094 1155 1154 -1 1094 1095 1156 1155 -1 1095 1096 1157 1156 -1 1096 1097 1158 1157 -1 1098 1099 1160 1159 -1 1099 1100 1161 1160 -1 1100 1101 1162 1161 -1 1101 1102 1163 1162 -1 1102 1103 1164 1163 -1 1103 1104 1165 1164 -1 1104 1105 1166 1165 -1 1105 1106 1167 1166 -1 1106 1107 1168 1167 -1 1107 1108 1169 1168 -1 1108 1109 1170 1169 -1 1109 1110 1171 1170 -1 1110 1111 1172 1171 -1 1111 1112 1173 1172 -1 1112 1113 1174 1173 -1 1113 1114 1175 1174 -1 1114 1115 1176 1175 -1 1115 1116 1177 1176 -1 1116 1117 1178 1177 -1 1117 1118 1179 1178 -1 1118 1119 1180 1179 -1 1119 1120 1181 1180 -1 1120 1121 1182 1181 -1 1121 1122 1183 1182 -1 1122 1123 1184 1183 -1 1123 1124 1185 1184 -1 1124 1125 1186 1185 -1 1125 1126 1187 1186 -1 1126 1127 1188 1187 -1 1127 1128 1189 1188 -1 1128 1129 1190 1189 -1 1129 1130 1191 1190 -1 1130 1131 1192 1191 -1 1131 1132 1193 1192 -1 1132 1133 1194 1193 -1 1133 1134 1195 1194 -1 1134 1135 1196 1195 -1 1135 1136 1197 1196 -1 1136 1137 1198 1197 -1 1137 1138 1199 1198 -1 1138 1139 1200 1199 -1 1139 1140 1201 1200 -1 1140 1141 1202 1201 -1 1141 1142 1203 1202 -1 1142 1143 1204 1203 -1 1143 1144 1205 1204 -1 1144 1145 1206 1205 -1 1145 1146 1207 1206 -1 1146 1147 1208 1207 -1 1147 1148 1209 1208 -1 1148 1149 1210 1209 -1 1149 1150 1211 1210 -1 1150 1151 1212 1211 -1 1151 1152 1213 1212 -1 1152 1153 1214 1213 -1 1153 1154 1215 1214 -1 1154 1155 1216 1215 -1 1155 1156 1217 1216 -1 1156 1157 1218 1217 -1 1157 1158 1219 1218 -1 1159 1160 1221 1220 -1 1160 1161 1222 1221 -1 1161 1162 1223 1222 -1 1162 1163 1224 1223 -1 1163 1164 1225 1224 -1 1164 1165 1226 1225 -1 1165 1166 1227 1226 -1 1166 1167 1228 1227 -1 1167 1168 1229 1228 -1 1168 1169 1230 1229 -1 1169 1170 1231 1230 -1 1170 1171 1232 1231 -1 1171 1172 1233 1232 -1 1172 1173 1234 1233 -1 1173 1174 1235 1234 -1 1174 1175 1236 1235 -1 1175 1176 1237 1236 -1 1176 1177 1238 1237 -1 1177 1178 1239 1238 -1 1178 1179 1240 1239 -1 1179 1180 1241 1240 -1 1180 1181 1242 1241 -1 1181 1182 1243 1242 -1 1182 1183 1244 1243 -1 1183 1184 1245 1244 -1 1184 1185 1246 1245 -1 1185 1186 1247 1246 -1 1186 1187 1248 1247 -1 1187 1188 1249 1248 -1 1188 1189 1250 1249 -1 1189 1190 1251 1250 -1 1190 1191 1252 1251 -1 1191 1192 1253 1252 -1 1192 1193 1254 1253 -1 1193 1194 1255 1254 -1 1194 1195 1256 1255 -1 1195 1196 1257 1256 -1 1196 1197 1258 1257 -1 1197 1198 1259 1258 -1 1198 1199 1260 1259 -1 1199 1200 1261 1260 -1 1200 1201 1262 1261 -1 1201 1202 1263 1262 -1 1202 1203 1264 1263 -1 1203 1204 1265 1264 -1 1204 1205 1266 1265 -1 1205 1206 1267 1266 -1 1206 1207 1268 1267 -1 1207 1208 1269 1268 -1 1208 1209 1270 1269 -1 1209 1210 1271 1270 -1 1210 1211 1272 1271 -1 1211 1212 1273 1272 -1 1212 1213 1274 1273 -1 1213 1214 1275 1274 -1 1214 1215 1276 1275 -1 1215 1216 1277 1276 -1 1216 1217 1278 1277 -1 1217 1218 1279 1278 -1 1218 1219 1280 1279 -1 1220 1221 1282 1281 -1 1221 1222 1283 1282 -1 1222 1223 1284 1283 -1 1223 1224 1285 1284 -1 1224 1225 1286 1285 -1 1225 1226 1287 1286 -1 1226 1227 1288 1287 -1 1227 1228 1289 1288 -1 1228 1229 1290 1289 -1 1229 1230 1291 1290 -1 1230 1231 1292 1291 -1 1231 1232 1293 1292 -1 1232 1233 1294 1293 -1 1233 1234 1295 1294 -1 1234 1235 1296 1295 -1 1235 1236 1297 1296 -1 1236 1237 1298 1297 -1 1237 1238 1299 1298 -1 1238 1239 1300 1299 -1 1239 1240 1301 1300 -1 1240 1241 1302 1301 -1 1241 1242 1303 1302 -1 1242 1243 1304 1303 -1 1243 1244 1305 1304 -1 1244 1245 1306 1305 -1 1245 1246 1307 1306 -1 1246 1247 1308 1307 -1 1247 1248 1309 1308 -1 1248 1249 1310 1309 -1 1249 1250 1311 1310 -1 1250 1251 1312 1311 -1 1251 1252 1313 1312 -1 1252 1253 1314 1313 -1 1253 1254 1315 1314 -1 1254 1255 1316 1315 -1 1255 1256 1317 1316 -1 1256 1257 1318 1317 -1 1257 1258 1319 1318 -1 1258 1259 1320 1319 -1 1259 1260 1321 1320 -1 1260 1261 1322 1321 -1 1261 1262 1323 1322 -1 1262 1263 1324 1323 -1 1263 1264 1325 1324 -1 1264 1265 1326 1325 -1 1265 1266 1327 1326 -1 1266 1267 1328 1327 -1 1267 1268 1329 1328 -1 1268 1269 1330 1329 -1 1269 1270 1331 1330 -1 1270 1271 1332 1331 -1 1271 1272 1333 1332 -1 1272 1273 1334 1333 -1 1273 1274 1335 1334 -1 1274 1275 1336 1335 -1 1275 1276 1337 1336 -1 1276 1277 1338 1337 -1 1277 1278 1339 1338 -1 1278 1279 1340 1339 -1 1279 1280 1341 1340 -1 1281 1282 1343 1342 -1 1282 1283 1344 1343 -1 1283 1284 1345 1344 -1 1284 1285 1346 1345 -1 1285 1286 1347 1346 -1 1286 1287 1348 1347 -1 1287 1288 1349 1348 -1 1288 1289 1350 1349 -1 1289 1290 1351 1350 -1 1290 1291 1352 1351 -1 1291 1292 1353 1352 -1 1292 1293 1354 1353 -1 1293 1294 1355 1354 -1 1294 1295 1356 1355 -1 1295 1296 1357 1356 -1 1296 1297 1358 1357 -1 1297 1298 1359 1358 -1 1298 1299 1360 1359 -1 1299 1300 1361 1360 -1 1300 1301 1362 1361 -1 1301 1302 1363 1362 -1 1302 1303 1364 1363 -1 1303 1304 1365 1364 -1 1304 1305 1366 1365 -1 1305 1306 1367 1366 -1 1306 1307 1368 1367 -1 1307 1308 1369 1368 -1 1308 1309 1370 1369 -1 1309 1310 1371 1370 -1 1310 1311 1372 1371 -1 1311 1312 1373 1372 -1 1312 1313 1374 1373 -1 1313 1314 1375 1374 -1 1314 1315 1376 1375 -1 1315 1316 1377 1376 -1 1316 1317 1378 1377 -1 1317 1318 1379 1378 -1 1318 1319 1380 1379 -1 1319 1320 1381 1380 -1 1320 1321 1382 1381 -1 1321 1322 1383 1382 -1 1322 1323 1384 1383 -1 1323 1324 1385 1384 -1 1324 1325 1386 1385 -1 1325 1326 1387 1386 -1 1326 1327 1388 1387 -1 1327 1328 1389 1388 -1 1328 1329 1390 1389 -1 1329 1330 1391 1390 -1 1330 1331 1392 1391 -1 1331 1332 1393 1392 -1 1332 1333 1394 1393 -1 1333 1334 1395 1394 -1 1334 1335 1396 1395 -1 1335 1336 1397 1396 -1 1336 1337 1398 1397 -1 1337 1338 1399 1398 -1 1338 1339 1400 1399 -1 1339 1340 1401 1400 -1 1340 1341 1402 1401 -1 1342 1343 1404 1403 -1 1343 1344 1405 1404 -1 1344 1345 1406 1405 -1 1345 1346 1407 1406 -1 1346 1347 1408 1407 -1 1347 1348 1409 1408 -1 1348 1349 1410 1409 -1 1349 1350 1411 1410 -1 1350 1351 1412 1411 -1 1351 1352 1413 1412 -1 1352 1353 1414 1413 -1 1353 1354 1415 1414 -1 1354 1355 1416 1415 -1 1355 1356 1417 1416 -1 1356 1357 1418 1417 -1 1357 1358 1419 1418 -1 1358 1359 1420 1419 -1 1359 1360 1421 1420 -1 1360 1361 1422 1421 -1 1361 1362 1423 1422 -1 1362 1363 1424 1423 -1 1363 1364 1425 1424 -1 1364 1365 1426 1425 -1 1365 1366 1427 1426 -1 1366 1367 1428 1427 -1 1367 1368 1429 1428 -1 1368 1369 1430 1429 -1 1369 1370 1431 1430 -1 1370 1371 1432 1431 -1 1371 1372 1433 1432 -1 1372 1373 1434 1433 -1 1373 1374 1435 1434 -1 1374 1375 1436 1435 -1 1375 1376 1437 1436 -1 1376 1377 1438 1437 -1 1377 1378 1439 1438 -1 1378 1379 1440 1439 -1 1379 1380 1441 1440 -1 1380 1381 1442 1441 -1 1381 1382 1443 1442 -1 1382 1383 1444 1443 -1 1383 1384 1445 1444 -1 1384 1385 1446 1445 -1 1385 1386 1447 1446 -1 1386 1387 1448 1447 -1 1387 1388 1449 1448 -1 1388 1389 1450 1449 -1 1389 1390 1451 1450 -1 1390 1391 1452 1451 -1 1391 1392 1453 1452 -1 1392 1393 1454 1453 -1 1393 1394 1455 1454 -1 1394 1395 1456 1455 -1 1395 1396 1457 1456 -1 1396 1397 1458 1457 -1 1397 1398 1459 1458 -1 1398 1399 1460 1459 -1 1399 1400 1461 1460 -1 1400 1401 1462 1461 -1 1401 1402 1463 1462 -1 1403 1404 1465 1464 -1 1404 1405 1466 1465 -1 1405 1406 1467 1466 -1 1406 1407 1468 1467 -1 1407 1408 1469 1468 -1 1408 1409 1470 1469 -1 1409 1410 1471 1470 -1 1410 1411 1472 1471 -1 1411 1412 1473 1472 -1 1412 1413 1474 1473 -1 1413 1414 1475 1474 -1 1414 1415 1476 1475 -1 1415 1416 1477 1476 -1 1416 1417 1478 1477 -1 1417 1418 1479 1478 -1 1418 1419 1480 1479 -1 1419 1420 1481 1480 -1 1420 1421 1482 1481 -1 1421 1422 1483 1482 -1 1422 1423 1484 1483 -1 1423 1424 1485 1484 -1 1424 1425 1486 1485 -1 1425 1426 1487 1486 -1 1426 1427 1488 1487 -1 1427 1428 1489 1488 -1 1428 1429 1490 1489 -1 1429 1430 1491 1490 -1 1430 1431 1492 1491 -1 1431 1432 1493 1492 -1 1432 1433 1494 1493 -1 1433 1434 1495 1494 -1 1434 1435 1496 1495 -1 1435 1436 1497 1496 -1 1436 1437 1498 1497 -1 1437 1438 1499 1498 -1 1438 1439 1500 1499 -1 1439 1440 1501 1500 -1 1440 1441 1502 1501 -1 1441 1442 1503 1502 -1 1442 1443 1504 1503 -1 1443 1444 1505 1504 -1 1444 1445 1506 1505 -1 1445 1446 1507 1506 -1 1446 1447 1508 1507 -1 1447 1448 1509 1508 -1 1448 1449 1510 1509 -1 1449 1450 1511 1510 -1 1450 1451 1512 1511 -1 1451 1452 1513 1512 -1 1452 1453 1514 1513 -1 1453 1454 1515 1514 -1 1454 1455 1516 1515 -1 1455 1456 1517 1516 -1 1456 1457 1518 1517 -1 1457 1458 1519 1518 -1 1458 1459 1520 1519 -1 1459 1460 1521 1520 -1 1460 1461 1522 1521 -1 1461 1462 1523 1522 -1 1462 1463 1524 1523 -1 1464 1465 1526 1525 -1 1465 1466 1527 1526 -1 1466 1467 1528 1527 -1 1467 1468 1529 1528 -1 1468 1469 1530 1529 -1 1469 1470 1531 1530 -1 1470 1471 1532 1531 -1 1471 1472 1533 1532 -1 1472 1473 1534 1533 -1 1473 1474 1535 1534 -1 1474 1475 1536 1535 -1 1475 1476 1537 1536 -1 1476 1477 1538 1537 -1 1477 1478 1539 1538 -1 1478 1479 1540 1539 -1 1479 1480 1541 1540 -1 1480 1481 1542 1541 -1 1481 1482 1543 1542 -1 1482 1483 1544 1543 -1 1483 1484 1545 1544 -1 1484 1485 1546 1545 -1 1485 1486 1547 1546 -1 1486 1487 1548 1547 -1 1487 1488 1549 1548 -1 1488 1489 1550 1549 -1 1489 1490 1551 1550 -1 1490 1491 1552 1551 -1 1491 1492 1553 1552 -1 1492 1493 1554 1553 -1 1493 1494 1555 1554 -1 1494 1495 1556 1555 -1 1495 1496 1557 1556 -1 1496 1497 1558 1557 -1 1497 1498 1559 1558 -1 1498 1499 1560 1559 -1 1499 1500 1561 1560 -1 1500 1501 1562 1561 -1 1501 1502 1563 1562 -1 1502 1503 1564 1563 -1 1503 1504 1565 1564 -1 1504 1505 1566 1565 -1 1505 1506 1567 1566 -1 1506 1507 1568 1567 -1 1507 1508 1569 1568 -1 1508 1509 1570 1569 -1 1509 1510 1571 1570 -1 1510 1511 1572 1571 -1 1511 1512 1573 1572 -1 1512 1513 1574 1573 -1 1513 1514 1575 1574 -1 1514 1515 1576 1575 -1 1515 1516 1577 1576 -1 1516 1517 1578 1577 -1 1517 1518 1579 1578 -1 1518 1519 1580 1579 -1 1519 1520 1581 1580 -1 1520 1521 1582 1581 -1 1521 1522 1583 1582 -1 1522 1523 1584 1583 -1 1523 1524 1585 1584 -1 1525 1526 1587 1586 -1 1526 1527 1588 1587 -1 1527 1528 1589 1588 -1 1528 1529 1590 1589 -1 1529 1530 1591 1590 -1 1530 1531 1592 1591 -1 1531 1532 1593 1592 -1 1532 1533 1594 1593 -1 1533 1534 1595 1594 -1 1534 1535 1596 1595 -1 1535 1536 1597 1596 -1 1536 1537 1598 1597 -1 1537 1538 1599 1598 -1 1538 1539 1600 1599 -1 1539 1540 1601 1600 -1 1540 1541 1602 1601 -1 1541 1542 1603 1602 -1 1542 1543 1604 1603 -1 1543 1544 1605 1604 -1 1544 1545 1606 1605 -1 1545 1546 1607 1606 -1 1546 1547 1608 1607 -1 1547 1548 1609 1608 -1 1548 1549 1610 1609 -1 1549 1550 1611 1610 -1 1550 1551 1612 1611 -1 1551 1552 1613 1612 -1 1552 1553 1614 1613 -1 1553 1554 1615 1614 -1 1554 1555 1616 1615 -1 1555 1556 1617 1616 -1 1556 1557 1618 1617 -1 1557 1558 1619 1618 -1 1558 1559 1620 1619 -1 1559 1560 1621 1620 -1 1560 1561 1622 1621 -1 1561 1562 1623 1622 -1 1562 1563 1624 1623 -1 1563 1564 1625 1624 -1 1564 1565 1626 1625 -1 1565 1566 1627 1626 -1 1566 1567 1628 1627 -1 1567 1568 1629 1628 -1 1568 1569 1630 1629 -1 1569 1570 1631 1630 -1 1570 1571 1632 1631 -1 1571 1572 1633 1632 -1 1572 1573 1634 1633 -1 1573 1574 1635 1634 -1 1574 1575 1636 1635 -1 1575 1576 1637 1636 -1 1576 1577 1638 1637 -1 1577 1578 1639 1638 -1 1578 1579 1640 1639 -1 1579 1580 1641 1640 -1 1580 1581 1642 1641 -1 1581 1582 1643 1642 -1 1582 1583 1644 1643 -1 1583 1584 1645 1644 -1 1584 1585 1646 1645 -1 1586 1587 1648 1647 -1 1587 1588 1649 1648 -1 1588 1589 1650 1649 -1 1589 1590 1651 1650 -1 1590 1591 1652 1651 -1 1591 1592 1653 1652 -1 1592 1593 1654 1653 -1 1593 1594 1655 1654 -1 1594 1595 1656 1655 -1 1595 1596 1657 1656 -1 1596 1597 1658 1657 -1 1597 1598 1659 1658 -1 1598 1599 1660 1659 -1 1599 1600 1661 1660 -1 1600 1601 1662 1661 -1 1601 1602 1663 1662 -1 1602 1603 1664 1663 -1 1603 1604 1665 1664 -1 1604 1605 1666 1665 -1 1605 1606 1667 1666 -1 1606 1607 1668 1667 -1 1607 1608 1669 1668 -1 1608 1609 1670 1669 -1 1609 1610 1671 1670 -1 1610 1611 1672 1671 -1 1611 1612 1673 1672 -1 1612 1613 1674 1673 -1 1613 1614 1675 1674 -1 1614 1615 1676 1675 -1 1615 1616 1677 1676 -1 1616 1617 1678 1677 -1 1617 1618 1679 1678 -1 1618 1619 1680 1679 -1 1619 1620 1681 1680 -1 1620 1621 1682 1681 -1 1621 1622 1683 1682 -1 1622 1623 1684 1683 -1 1623 1624 1685 1684 -1 1624 1625 1686 1685 -1 1625 1626 1687 1686 -1 1626 1627 1688 1687 -1 1627 1628 1689 1688 -1 1628 1629 1690 1689 -1 1629 1630 1691 1690 -1 1630 1631 1692 1691 -1 1631 1632 1693 1692 -1 1632 1633 1694 1693 -1 1633 1634 1695 1694 -1 1634 1635 1696 1695 -1 1635 1636 1697 1696 -1 1636 1637 1698 1697 -1 1637 1638 1699 1698 -1 1638 1639 1700 1699 -1 1639 1640 1701 1700 -1 1640 1641 1702 1701 -1 1641 1642 1703 1702 -1 1642 1643 1704 1703 -1 1643 1644 1705 1704 -1 1644 1645 1706 1705 -1 1645 1646 1707 1706 -1 1647 1648 1709 1708 -1 1648 1649 1710 1709 -1 1649 1650 1711 1710 -1 1650 1651 1712 1711 -1 1651 1652 1713 1712 -1 1652 1653 1714 1713 -1 1653 1654 1715 1714 -1 1654 1655 1716 1715 -1 1655 1656 1717 1716 -1 1656 1657 1718 1717 -1 1657 1658 1719 1718 -1 1658 1659 1720 1719 -1 1659 1660 1721 1720 -1 1660 1661 1722 1721 -1 1661 1662 1723 1722 -1 1662 1663 1724 1723 -1 1663 1664 1725 1724 -1 1664 1665 1726 1725 -1 1665 1666 1727 1726 -1 1666 1667 1728 1727 -1 1667 1668 1729 1728 -1 1668 1669 1730 1729 -1 1669 1670 1731 1730 -1 1670 1671 1732 1731 -1 1671 1672 1733 1732 -1 1672 1673 1734 1733 -1 1673 1674 1735 1734 -1 1674 1675 1736 1735 -1 1675 1676 1737 1736 -1 1676 1677 1738 1737 -1 1677 1678 1739 1738 -1 1678 1679 1740 1739 -1 1679 1680 1741 1740 -1 1680 1681 1742 1741 -1 1681 1682 1743 1742 -1 1682 1683 1744 1743 -1 1683 1684 1745 1744 -1 1684 1685 1746 1745 -1 1685 1686 1747 1746 -1 1686 1687 1748 1747 -1 1687 1688 1749 1748 -1 1688 1689 1750 1749 -1 1689 1690 1751 1750 -1 1690 1691 1752 1751 -1 1691 1692 1753 1752 -1 1692 1693 1754 1753 -1 1693 1694 1755 1754 -1 1694 1695 1756 1755 -1 1695 1696 1757 1756 -1 1696 1697 1758 1757 -1 1697 1698 1759 1758 -1 1698 1699 1760 1759 -1 1699 1700 1761 1760 -1 1700 1701 1762 1761 -1 1701 1702 1763 1762 -1 1702 1703 1764 1763 -1 1703 1704 1765 1764 -1 1704 1705 1766 1765 -1 1705 1706 1767 1766 -1 1706 1707 1768 1767 -1 1708 1709 1770 1769 -1 1709 1710 1771 1770 -1 1710 1711 1772 1771 -1 1711 1712 1773 1772 -1 1712 1713 1774 1773 -1 1713 1714 1775 1774 -1 1714 1715 1776 1775 -1 1715 1716 1777 1776 -1 1716 1717 1778 1777 -1 1717 1718 1779 1778 -1 1718 1719 1780 1779 -1 1719 1720 1781 1780 -1 1720 1721 1782 1781 -1 1721 1722 1783 1782 -1 1722 1723 1784 1783 -1 1723 1724 1785 1784 -1 1724 1725 1786 1785 -1 1725 1726 1787 1786 -1 1726 1727 1788 1787 -1 1727 1728 1789 1788 -1 1728 1729 1790 1789 -1 1729 1730 1791 1790 -1 1730 1731 1792 1791 -1 1731 1732 1793 1792 -1 1732 1733 1794 1793 -1 1733 1734 1795 1794 -1 1734 1735 1796 1795 -1 1735 1736 1797 1796 -1 1736 1737 1798 1797 -1 1737 1738 1799 1798 -1 1738 1739 1800 1799 -1 1739 1740 1801 1800 -1 1740 1741 1802 1801 -1 1741 1742 1803 1802 -1 1742 1743 1804 1803 -1 1743 1744 1805 1804 -1 1744 1745 1806 1805 -1 1745 1746 1807 1806 -1 1746 1747 1808 1807 -1 1747 1748 1809 1808 -1 1748 1749 1810 1809 -1 1749 1750 1811 1810 -1 1750 1751 1812 1811 -1 1751 1752 1813 1812 -1 1752 1753 1814 1813 -1 1753 1754 1815 1814 -1 1754 1755 1816 1815 -1 1755 1756 1817 1816 -1 1756 1757 1818 1817 -1 1757 1758 1819 1818 -1 1758 1759 1820 1819 -1 1759 1760 1821 1820 -1 1760 1761 1822 1821 -1 1761 1762 1823 1822 -1 1762 1763 1824 1823 -1 1763 1764 1825 1824 -1 1764 1765 1826 1825 -1 1765 1766 1827 1826 -1 1766 1767 1828 1827 -1 1767 1768 1829 1828 -1 1769 1770 1831 1830 -1 1770 1771 1832 1831 -1 1771 1772 1833 1832 -1 1772 1773 1834 1833 -1 1773 1774 1835 1834 -1 1774 1775 1836 1835 -1 1775 1776 1837 1836 -1 1776 1777 1838 1837 -1 1777 1778 1839 1838 -1 1778 1779 1840 1839 -1 1779 1780 1841 1840 -1 1780 1781 1842 1841 -1 1781 1782 1843 1842 -1 1782 1783 1844 1843 -1 1783 1784 1845 1844 -1 1784 1785 1846 1845 -1 1785 1786 1847 1846 -1 1786 1787 1848 1847 -1 1787 1788 1849 1848 -1 1788 1789 1850 1849 -1 1789 1790 1851 1850 -1 1790 1791 1852 1851 -1 1791 1792 1853 1852 -1 1792 1793 1854 1853 -1 1793 1794 1855 1854 -1 1794 1795 1856 1855 -1 1795 1796 1857 1856 -1 1796 1797 1858 1857 -1 1797 1798 1859 1858 -1 1798 1799 1860 1859 -1 1799 1800 1861 1860 -1 1800 1801 1862 1861 -1 1801 1802 1863 1862 -1 1802 1803 1864 1863 -1 1803 1804 1865 1864 -1 1804 1805 1866 1865 -1 1805 1806 1867 1866 -1 1806 1807 1868 1867 -1 1807 1808 1869 1868 -1 1808 1809 1870 1869 -1 1809 1810 1871 1870 -1 1810 1811 1872 1871 -1 1811 1812 1873 1872 -1 1812 1813 1874 1873 -1 1813 1814 1875 1874 -1 1814 1815 1876 1875 -1 1815 1816 1877 1876 -1 1816 1817 1878 1877 -1 1817 1818 1879 1878 -1 1818 1819 1880 1879 -1 1819 1820 1881 1880 -1 1820 1821 1882 1881 -1 1821 1822 1883 1882 -1 1822 1823 1884 1883 -1 1823 1824 1885 1884 -1 1824 1825 1886 1885 -1 1825 1826 1887 1886 -1 1826 1827 1888 1887 -1 1827 1828 1889 1888 -1 1828 1829 1890 1889 -1 1830 1831 1892 1891 -1 1831 1832 1893 1892 -1 1832 1833 1894 1893 -1 1833 1834 1895 1894 -1 1834 1835 1896 1895 -1 1835 1836 1897 1896 -1 1836 1837 1898 1897 -1 1837 1838 1899 1898 -1 1838 1839 1900 1899 -1 1839 1840 1901 1900 -1 1840 1841 1902 1901 -1 1841 1842 1903 1902 -1 1842 1843 1904 1903 -1 1843 1844 1905 1904 -1 1844 1845 1906 1905 -1 1845 1846 1907 1906 -1 1846 1847 1908 1907 -1 1847 1848 1909 1908 -1 1848 1849 1910 1909 -1 1849 1850 1911 1910 -1 1850 1851 1912 1911 -1 1851 1852 1913 1912 -1 1852 1853 1914 1913 -1 1853 1854 1915 1914 -1 1854 1855 1916 1915 -1 1855 1856 1917 1916 -1 1856 1857 1918 1917 -1 1857 1858 1919 1918 -1 1858 1859 1920 1919 -1 1859 1860 1921 1920 -1 1860 1861 1922 1921 -1 1861 1862 1923 1922 -1 1862 1863 1924 1923 -1 1863 1864 1925 1924 -1 1864 1865 1926 1925 -1 1865 1866 1927 1926 -1 1866 1867 1928 1927 -1 1867 1868 1929 1928 -1 1868 1869 1930 1929 -1 1869 1870 1931 1930 -1 1870 1871 1932 1931 -1 1871 1872 1933 1932 -1 1872 1873 1934 1933 -1 1873 1874 1935 1934 -1 1874 1875 1936 1935 -1 1875 1876 1937 1936 -1 1876 1877 1938 1937 -1 1877 1878 1939 1938 -1 1878 1879 1940 1939 -1 1879 1880 1941 1940 -1 1880 1881 1942 1941 -1 1881 1882 1943 1942 -1 1882 1883 1944 1943 -1 1883 1884 1945 1944 -1 1884 1885 1946 1945 -1 1885 1886 1947 1946 -1 1886 1887 1948 1947 -1 1887 1888 1949 1948 -1 1888 1889 1950 1949 -1 1889 1890 1951 1950 -1 1891 1892 1953 1952 -1 1892 1893 1954 1953 -1 1893 1894 1955 1954 -1 1894 1895 1956 1955 -1 1895 1896 1957 1956 -1 1896 1897 1958 1957 -1 1897 1898 1959 1958 -1 1898 1899 1960 1959 -1 1899 1900 1961 1960 -1 1900 1901 1962 1961 -1 1901 1902 1963 1962 -1 1902 1903 1964 1963 -1 1903 1904 1965 1964 -1 1904 1905 1966 1965 -1 1905 1906 1967 1966 -1 1906 1907 1968 1967 -1 1907 1908 1969 1968 -1 1908 1909 1970 1969 -1 1909 1910 1971 1970 -1 1910 1911 1972 1971 -1 1911 1912 1973 1972 -1 1912 1913 1974 1973 -1 1913 1914 1975 1974 -1 1914 1915 1976 1975 -1 1915 1916 1977 1976 -1 1916 1917 1978 1977 -1 1917 1918 1979 1978 -1 1918 1919 1980 1979 -1 1919 1920 1981 1980 -1 1920 1921 1982 1981 -1 1921 1922 1983 1982 -1 1922 1923 1984 1983 -1 1923 1924 1985 1984 -1 1924 1925 1986 1985 -1 1925 1926 1987 1986 -1 1926 1927 1988 1987 -1 1927 1928 1989 1988 -1 1928 1929 1990 1989 -1 1929 1930 1991 1990 -1 1930 1931 1992 1991 -1 1931 1932 1993 1992 -1 1932 1933 1994 1993 -1 1933 1934 1995 1994 -1 1934 1935 1996 1995 -1 1935 1936 1997 1996 -1 1936 1937 1998 1997 -1 1937 1938 1999 1998 -1 1938 1939 2000 1999 -1 1939 1940 2001 2000 -1 1940 1941 2002 2001 -1 1941 1942 2003 2002 -1 1942 1943 2004 2003 -1 1943 1944 2005 2004 -1 1944 1945 2006 2005 -1 1945 1946 2007 2006 -1 1946 1947 2008 2007 -1 1947 1948 2009 2008 -1 1948 1949 2010 2009 -1 1949 1950 2011 2010 -1 1950 1951 2012 2011 -1 1952 1953 2014 2013 -1 1953 1954 2015 2014 -1 1954 1955 2016 2015 -1 1955 1956 2017 2016 -1 1956 1957 2018 2017 -1 1957 1958 2019 2018 -1 1958 1959 2020 2019 -1 1959 1960 2021 2020 -1 1960 1961 2022 2021 -1 1961 1962 2023 2022 -1 1962 1963 2024 2023 -1 1963 1964 2025 2024 -1 1964 1965 2026 2025 -1 1965 1966 2027 2026 -1 1966 1967 2028 2027 -1 1967 1968 2029 2028 -1 1968 1969 2030 2029 -1 1969 1970 2031 2030 -1 1970 1971 2032 2031 -1 1971 1972 2033 2032 -1 1972 1973 2034 2033 -1 1973 1974 2035 2034 -1 1974 1975 2036 2035 -1 1975 1976 2037 2036 -1 1976 1977 2038 2037 -1 1977 1978 2039 2038 -1 1978 1979 2040 2039 -1 1979 1980 2041 2040 -1 1980 1981 2042 2041 -1 1981 1982 2043 2042 -1 1982 1983 2044 2043 -1 1983 1984 2045 2044 -1 1984 1985 2046 2045 -1 1985 1986 2047 2046 -1 1986 1987 2048 2047 -1 1987 1988 2049 2048 -1 1988 1989 2050 2049 -1 1989 1990 2051 2050 -1 1990 1991 2052 2051 -1 1991 1992 2053 2052 -1 1992 1993 2054 2053 -1 1993 1994 2055 2054 -1 1994 1995 2056 2055 -1 1995 1996 2057 2056 -1 1996 1997 2058 2057 -1 1997 1998 2059 2058 -1 1998 1999 2060 2059 -1 1999 2000 2061 2060 -1 2000 2001 2062 2061 -1 2001 2002 2063 2062 -1 2002 2003 2064 2063 -1 2003 2004 2065 2064 -1 2004 2005 2066 2065 -1 2005 2006 2067 2066 -1 2006 2007 2068 2067 -1 2007 2008 2069 2068 -1 2008 2009 2070 2069 -1 2009 2010 2071 2070 -1 2010 2011 2072 2071 -1 2011 2012 2073 2072 -1 2013 2014 2075 2074 -1 2014 2015 2076 2075 -1 2015 2016 2077 2076 -1 2016 2017 2078 2077 -1 2017 2018 2079 2078 -1 2018 2019 2080 2079 -1 2019 2020 2081 2080 -1 2020 2021 2082 2081 -1 2021 2022 2083 2082 -1 2022 2023 2084 2083 -1 2023 2024 2085 2084 -1 2024 2025 2086 2085 -1 2025 2026 2087 2086 -1 2026 2027 2088 2087 -1 2027 2028 2089 2088 -1 2028 2029 2090 2089 -1 2029 2030 2091 2090 -1 2030 2031 2092 2091 -1 2031 2032 2093 2092 -1 2032 2033 2094 2093 -1 2033 2034 2095 2094 -1 2034 2035 2096 2095 -1 2035 2036 2097 2096 -1 2036 2037 2098 2097 -1 2037 2038 2099 2098 -1 2038 2039 2100 2099 -1 2039 2040 2101 2100 -1 2040 2041 2102 2101 -1 2041 2042 2103 2102 -1 2042 2043 2104 2103 -1 2043 2044 2105 2104 -1 2044 2045 2106 2105 -1 2045 2046 2107 2106 -1 2046 2047 2108 2107 -1 2047 2048 2109 2108 -1 2048 2049 2110 2109 -1 2049 2050 2111 2110 -1 2050 2051 2112 2111 -1 2051 2052 2113 2112 -1 2052 2053 2114 2113 -1 2053 2054 2115 2114 -1 2054 2055 2116 2115 -1 2055 2056 2117 2116 -1 2056 2057 2118 2117 -1 2057 2058 2119 2118 -1 2058 2059 2120 2119 -1 2059 2060 2121 2120 -1 2060 2061 2122 2121 -1 2061 2062 2123 2122 -1 2062 2063 2124 2123 -1 2063 2064 2125 2124 -1 2064 2065 2126 2125 -1 2065 2066 2127 2126 -1 2066 2067 2128 2127 -1 2067 2068 2129 2128 -1 2068 2069 2130 2129 -1 2069 2070 2131 2130 -1 2070 2071 2132 2131 -1 2071 2072 2133 2132 -1 2072 2073 2134 2133 -1 2074 2075 2136 2135 -1 2075 2076 2137 2136 -1 2076 2077 2138 2137 -1 2077 2078 2139 2138 -1 2078 2079 2140 2139 -1 2079 2080 2141 2140 -1 2080 2081 2142 2141 -1 2081 2082 2143 2142 -1 2082 2083 2144 2143 -1 2083 2084 2145 2144 -1 2084 2085 2146 2145 -1 2085 2086 2147 2146 -1 2086 2087 2148 2147 -1 2087 2088 2149 2148 -1 2088 2089 2150 2149 -1 2089 2090 2151 2150 -1 2090 2091 2152 2151 -1 2091 2092 2153 2152 -1 2092 2093 2154 2153 -1 2093 2094 2155 2154 -1 2094 2095 2156 2155 -1 2095 2096 2157 2156 -1 2096 2097 2158 2157 -1 2097 2098 2159 2158 -1 2098 2099 2160 2159 -1 2099 2100 2161 2160 -1 2100 2101 2162 2161 -1 2101 2102 2163 2162 -1 2102 2103 2164 2163 -1 2103 2104 2165 2164 -1 2104 2105 2166 2165 -1 2105 2106 2167 2166 -1 2106 2107 2168 2167 -1 2107 2108 2169 2168 -1 2108 2109 2170 2169 -1 2109 2110 2171 2170 -1 2110 2111 2172 2171 -1 2111 2112 2173 2172 -1 2112 2113 2174 2173 -1 2113 2114 2175 2174 -1 2114 2115 2176 2175 -1 2115 2116 2177 2176 -1 2116 2117 2178 2177 -1 2117 2118 2179 2178 -1 2118 2119 2180 2179 -1 2119 2120 2181 2180 -1 2120 2121 2182 2181 -1 2121 2122 2183 2182 -1 2122 2123 2184 2183 -1 2123 2124 2185 2184 -1 2124 2125 2186 2185 -1 2125 2126 2187 2186 -1 2126 2127 2188 2187 -1 2127 2128 2189 2188 -1 2128 2129 2190 2189 -1 2129 2130 2191 2190 -1 2130 2131 2192 2191 -1 2131 2132 2193 2192 -1 2132 2133 2194 2193 -1 2133 2134 2195 2194 -1 2135 2136 2197 2196 -1 2136 2137 2198 2197 -1 2137 2138 2199 2198 -1 2138 2139 2200 2199 -1 2139 2140 2201 2200 -1 2140 2141 2202 2201 -1 2141 2142 2203 2202 -1 2142 2143 2204 2203 -1 2143 2144 2205 2204 -1 2144 2145 2206 2205 -1 2145 2146 2207 2206 -1 2146 2147 2208 2207 -1 2147 2148 2209 2208 -1 2148 2149 2210 2209 -1 2149 2150 2211 2210 -1 2150 2151 2212 2211 -1 2151 2152 2213 2212 -1 2152 2153 2214 2213 -1 2153 2154 2215 2214 -1 2154 2155 2216 2215 -1 2155 2156 2217 2216 -1 2156 2157 2218 2217 -1 2157 2158 2219 2218 -1 2158 2159 2220 2219 -1 2159 2160 2221 2220 -1 2160 2161 2222 2221 -1 2161 2162 2223 2222 -1 2162 2163 2224 2223 -1 2163 2164 2225 2224 -1 2164 2165 2226 2225 -1 2165 2166 2227 2226 -1 2166 2167 2228 2227 -1 2167 2168 2229 2228 -1 2168 2169 2230 2229 -1 2169 2170 2231 2230 -1 2170 2171 2232 2231 -1 2171 2172 2233 2232 -1 2172 2173 2234 2233 -1 2173 2174 2235 2234 -1 2174 2175 2236 2235 -1 2175 2176 2237 2236 -1 2176 2177 2238 2237 -1 2177 2178 2239 2238 -1 2178 2179 2240 2239 -1 2179 2180 2241 2240 -1 2180 2181 2242 2241 -1 2181 2182 2243 2242 -1 2182 2183 2244 2243 -1 2183 2184 2245 2244 -1 2184 2185 2246 2245 -1 2185 2186 2247 2246 -1 2186 2187 2248 2247 -1 2187 2188 2249 2248 -1 2188 2189 2250 2249 -1 2189 2190 2251 2250 -1 2190 2191 2252 2251 -1 2191 2192 2253 2252 -1 2192 2193 2254 2253 -1 2193 2194 2255 2254 -1 2194 2195 2256 2255 -1 2196 2197 2258 2257 -1 2197 2198 2259 2258 -1 2198 2199 2260 2259 -1 2199 2200 2261 2260 -1 2200 2201 2262 2261 -1 2201 2202 2263 2262 -1 2202 2203 2264 2263 -1 2203 2204 2265 2264 -1 2204 2205 2266 2265 -1 2205 2206 2267 2266 -1 2206 2207 2268 2267 -1 2207 2208 2269 2268 -1 2208 2209 2270 2269 -1 2209 2210 2271 2270 -1 2210 2211 2272 2271 -1 2211 2212 2273 2272 -1 2212 2213 2274 2273 -1 2213 2214 2275 2274 -1 2214 2215 2276 2275 -1 2215 2216 2277 2276 -1 2216 2217 2278 2277 -1 2217 2218 2279 2278 -1 2218 2219 2280 2279 -1 2219 2220 2281 2280 -1 2220 2221 2282 2281 -1 2221 2222 2283 2282 -1 2222 2223 2284 2283 -1 2223 2224 2285 2284 -1 2224 2225 2286 2285 -1 2225 2226 2287 2286 -1 2226 2227 2288 2287 -1 2227 2228 2289 2288 -1 2228 2229 2290 2289 -1 2229 2230 2291 2290 -1 2230 2231 2292 2291 -1 2231 2232 2293 2292 -1 2232 2233 2294 2293 -1 2233 2234 2295 2294 -1 2234 2235 2296 2295 -1 2235 2236 2297 2296 -1 2236 2237 2298 2297 -1 2237 2238 2299 2298 -1 2238 2239 2300 2299 -1 2239 2240 2301 2300 -1 2240 2241 2302 2301 -1 2241 2242 2303 2302 -1 2242 2243 2304 2303 -1 2243 2244 2305 2304 -1 2244 2245 2306 2305 -1 2245 2246 2307 2306 -1 2246 2247 2308 2307 -1 2247 2248 2309 2308 -1 2248 2249 2310 2309 -1 2249 2250 2311 2310 -1 2250 2251 2312 2311 -1 2251 2252 2313 2312 -1 2252 2253 2314 2313 -1 2253 2254 2315 2314 -1 2254 2255 2316 2315 -1 2255 2256 2317 2316 -1 2257 2258 2319 2318 -1 2258 2259 2320 2319 -1 2259 2260 2321 2320 -1 2260 2261 2322 2321 -1 2261 2262 2323 2322 -1 2262 2263 2324 2323 -1 2263 2264 2325 2324 -1 2264 2265 2326 2325 -1 2265 2266 2327 2326 -1 2266 2267 2328 2327 -1 2267 2268 2329 2328 -1 2268 2269 2330 2329 -1 2269 2270 2331 2330 -1 2270 2271 2332 2331 -1 2271 2272 2333 2332 -1 2272 2273 2334 2333 -1 2273 2274 2335 2334 -1 2274 2275 2336 2335 -1 2275 2276 2337 2336 -1 2276 2277 2338 2337 -1 2277 2278 2339 2338 -1 2278 2279 2340 2339 -1 2279 2280 2341 2340 -1 2280 2281 2342 2341 -1 2281 2282 2343 2342 -1 2282 2283 2344 2343 -1 2283 2284 2345 2344 -1 2284 2285 2346 2345 -1 2285 2286 2347 2346 -1 2286 2287 2348 2347 -1 2287 2288 2349 2348 -1 2288 2289 2350 2349 -1 2289 2290 2351 2350 -1 2290 2291 2352 2351 -1 2291 2292 2353 2352 -1 2292 2293 2354 2353 -1 2293 2294 2355 2354 -1 2294 2295 2356 2355 -1 2295 2296 2357 2356 -1 2296 2297 2358 2357 -1 2297 2298 2359 2358 -1 2298 2299 2360 2359 -1 2299 2300 2361 2360 -1 2300 2301 2362 2361 -1 2301 2302 2363 2362 -1 2302 2303 2364 2363 -1 2303 2304 2365 2364 -1 2304 2305 2366 2365 -1 2305 2306 2367 2366 -1 2306 2307 2368 2367 -1 2307 2308 2369 2368 -1 2308 2309 2370 2369 -1 2309 2310 2371 2370 -1 2310 2311 2372 2371 -1 2311 2312 2373 2372 -1 2312 2313 2374 2373 -1 2313 2314 2375 2374 -1 2314 2315 2376 2375 -1 2315 2316 2377 2376 -1 2316 2317 2378 2377 -1 2318 2319 2380 2379 -1 2319 2320 2381 2380 -1 2320 2321 2382 2381 -1 2321 2322 2383 2382 -1 2322 2323 2384 2383 -1 2323 2324 2385 2384 -1 2324 2325 2386 2385 -1 2325 2326 2387 2386 -1 2326 2327 2388 2387 -1 2327 2328 2389 2388 -1 2328 2329 2390 2389 -1 2329 2330 2391 2390 -1 2330 2331 2392 2391 -1 2331 2332 2393 2392 -1 2332 2333 2394 2393 -1 2333 2334 2395 2394 -1 2334 2335 2396 2395 -1 2335 2336 2397 2396 -1 2336 2337 2398 2397 -1 2337 2338 2399 2398 -1 2338 2339 2400 2399 -1 2339 2340 2401 2400 -1 2340 2341 2402 2401 -1 2341 2342 2403 2402 -1 2342 2343 2404 2403 -1 2343 2344 2405 2404 -1 2344 2345 2406 2405 -1 2345 2346 2407 2406 -1 2346 2347 2408 2407 -1 2347 2348 2409 2408 -1 2348 2349 2410 2409 -1 2349 2350 2411 2410 -1 2350 2351 2412 2411 -1 2351 2352 2413 2412 -1 2352 2353 2414 2413 -1 2353 2354 2415 2414 -1 2354 2355 2416 2415 -1 2355 2356 2417 2416 -1 2356 2357 2418 2417 -1 2357 2358 2419 2418 -1 2358 2359 2420 2419 -1 2359 2360 2421 2420 -1 2360 2361 2422 2421 -1 2361 2362 2423 2422 -1 2362 2363 2424 2423 -1 2363 2364 2425 2424 -1 2364 2365 2426 2425 -1 2365 2366 2427 2426 -1 2366 2367 2428 2427 -1 2367 2368 2429 2428 -1 2368 2369 2430 2429 -1 2369 2370 2431 2430 -1 2370 2371 2432 2431 -1 2371 2372 2433 2432 -1 2372 2373 2434 2433 -1 2373 2374 2435 2434 -1 2374 2375 2436 2435 -1 2375 2376 2437 2436 -1 2376 2377 2438 2437 -1 2377 2378 2439 2438 -1 2379 2380 2441 2440 -1 2380 2381 2442 2441 -1 2381 2382 2443 2442 -1 2382 2383 2444 2443 -1 2383 2384 2445 2444 -1 2384 2385 2446 2445 -1 2385 2386 2447 2446 -1 2386 2387 2448 2447 -1 2387 2388 2449 2448 -1 2388 2389 2450 2449 -1 2389 2390 2451 2450 -1 2390 2391 2452 2451 -1 2391 2392 2453 2452 -1 2392 2393 2454 2453 -1 2393 2394 2455 2454 -1 2394 2395 2456 2455 -1 2395 2396 2457 2456 -1 2396 2397 2458 2457 -1 2397 2398 2459 2458 -1 2398 2399 2460 2459 -1 2399 2400 2461 2460 -1 2400 2401 2462 2461 -1 2401 2402 2463 2462 -1 2402 2403 2464 2463 -1 2403 2404 2465 2464 -1 2404 2405 2466 2465 -1 2405 2406 2467 2466 -1 2406 2407 2468 2467 -1 2407 2408 2469 2468 -1 2408 2409 2470 2469 -1 2409 2410 2471 2470 -1 2410 2411 2472 2471 -1 2411 2412 2473 2472 -1 2412 2413 2474 2473 -1 2413 2414 2475 2474 -1 2414 2415 2476 2475 -1 2415 2416 2477 2476 -1 2416 2417 2478 2477 -1 2417 2418 2479 2478 -1 2418 2419 2480 2479 -1 2419 2420 2481 2480 -1 2420 2421 2482 2481 -1 2421 2422 2483 2482 -1 2422 2423 2484 2483 -1 2423 2424 2485 2484 -1 2424 2425 2486 2485 -1 2425 2426 2487 2486 -1 2426 2427 2488 2487 -1 2427 2428 2489 2488 -1 2428 2429 2490 2489 -1 2429 2430 2491 2490 -1 2430 2431 2492 2491 -1 2431 2432 2493 2492 -1 2432 2433 2494 2493 -1 2433 2434 2495 2494 -1 2434 2435 2496 2495 -1 2435 2436 2497 2496 -1 2436 2437 2498 2497 -1 2437 2438 2499 2498 -1 2438 2439 2500 2499 -1 2440 2441 2502 2501 -1 2441 2442 2503 2502 -1 2442 2443 2504 2503 -1 2443 2444 2505 2504 -1 2444 2445 2506 2505 -1 2445 2446 2507 2506 -1 2446 2447 2508 2507 -1 2447 2448 2509 2508 -1 2448 2449 2510 2509 -1 2449 2450 2511 2510 -1 2450 2451 2512 2511 -1 2451 2452 2513 2512 -1 2452 2453 2514 2513 -1 2453 2454 2515 2514 -1 2454 2455 2516 2515 -1 2455 2456 2517 2516 -1 2456 2457 2518 2517 -1 2457 2458 2519 2518 -1 2458 2459 2520 2519 -1 2459 2460 2521 2520 -1 2460 2461 2522 2521 -1 2461 2462 2523 2522 -1 2462 2463 2524 2523 -1 2463 2464 2525 2524 -1 2464 2465 2526 2525 -1 2465 2466 2527 2526 -1 2466 2467 2528 2527 -1 2467 2468 2529 2528 -1 2468 2469 2530 2529 -1 2469 2470 2531 2530 -1 2470 2471 2532 2531 -1 2471 2472 2533 2532 -1 2472 2473 2534 2533 -1 2473 2474 2535 2534 -1 2474 2475 2536 2535 -1 2475 2476 2537 2536 -1 2476 2477 2538 2537 -1 2477 2478 2539 2538 -1 2478 2479 2540 2539 -1 2479 2480 2541 2540 -1 2480 2481 2542 2541 -1 2481 2482 2543 2542 -1 2482 2483 2544 2543 -1 2483 2484 2545 2544 -1 2484 2485 2546 2545 -1 2485 2486 2547 2546 -1 2486 2487 2548 2547 -1 2487 2488 2549 2548 -1 2488 2489 2550 2549 -1 2489 2490 2551 2550 -1 2490 2491 2552 2551 -1 2491 2492 2553 2552 -1 2492 2493 2554 2553 -1 2493 2494 2555 2554 -1 2494 2495 2556 2555 -1 2495 2496 2557 2556 -1 2496 2497 2558 2557 -1 2497 2498 2559 2558 -1 2498 2499 2560 2559 -1 2499 2500 2561 2560 -1 2501 2502 2563 2562 -1 2502 2503 2564 2563 -1 2503 2504 2565 2564 -1 2504 2505 2566 2565 -1 2505 2506 2567 2566 -1 2506 2507 2568 2567 -1 2507 2508 2569 2568 -1 2508 2509 2570 2569 -1 2509 2510 2571 2570 -1 2510 2511 2572 2571 -1 2511 2512 2573 2572 -1 2512 2513 2574 2573 -1 2513 2514 2575 2574 -1 2514 2515 2576 2575 -1 2515 2516 2577 2576 -1 2516 2517 2578 2577 -1 2517 2518 2579 2578 -1 2518 2519 2580 2579 -1 2519 2520 2581 2580 -1 2520 2521 2582 2581 -1 2521 2522 2583 2582 -1 2522 2523 2584 2583 -1 2523 2524 2585 2584 -1 2524 2525 2586 2585 -1 2525 2526 2587 2586 -1 2526 2527 2588 2587 -1 2527 2528 2589 2588 -1 2528 2529 2590 2589 -1 2529 2530 2591 2590 -1 2530 2531 2592 2591 -1 2531 2532 2593 2592 -1 2532 2533 2594 2593 -1 2533 2534 2595 2594 -1 2534 2535 2596 2595 -1 2535 2536 2597 2596 -1 2536 2537 2598 2597 -1 2537 2538 2599 2598 -1 2538 2539 2600 2599 -1 2539 2540 2601 2600 -1 2540 2541 2602 2601 -1 2541 2542 2603 2602 -1 2542 2543 2604 2603 -1 2543 2544 2605 2604 -1 2544 2545 2606 2605 -1 2545 2546 2607 2606 -1 2546 2547 2608 2607 -1 2547 2548 2609 2608 -1 2548 2549 2610 2609 -1 2549 2550 2611 2610 -1 2550 2551 2612 2611 -1 2551 2552 2613 2612 -1 2552 2553 2614 2613 -1 2553 2554 2615 2614 -1 2554 2555 2616 2615 -1 2555 2556 2617 2616 -1 2556 2557 2618 2617 -1 2557 2558 2619 2618 -1 2558 2559 2620 2619 -1 2559 2560 2621 2620 -1 2560 2561 2622 2621 -1 2562 2563 2624 2623 -1 2563 2564 2625 2624 -1 2564 2565 2626 2625 -1 2565 2566 2627 2626 -1 2566 2567 2628 2627 -1 2567 2568 2629 2628 -1 2568 2569 2630 2629 -1 2569 2570 2631 2630 -1 2570 2571 2632 2631 -1 2571 2572 2633 2632 -1 2572 2573 2634 2633 -1 2573 2574 2635 2634 -1 2574 2575 2636 2635 -1 2575 2576 2637 2636 -1 2576 2577 2638 2637 -1 2577 2578 2639 2638 -1 2578 2579 2640 2639 -1 2579 2580 2641 2640 -1 2580 2581 2642 2641 -1 2581 2582 2643 2642 -1 2582 2583 2644 2643 -1 2583 2584 2645 2644 -1 2584 2585 2646 2645 -1 2585 2586 2647 2646 -1 2586 2587 2648 2647 -1 2587 2588 2649 2648 -1 2588 2589 2650 2649 -1 2589 2590 2651 2650 -1 2590 2591 2652 2651 -1 2591 2592 2653 2652 -1 2592 2593 2654 2653 -1 2593 2594 2655 2654 -1 2594 2595 2656 2655 -1 2595 2596 2657 2656 -1 2596 2597 2658 2657 -1 2597 2598 2659 2658 -1 2598 2599 2660 2659 -1 2599 2600 2661 2660 -1 2600 2601 2662 2661 -1 2601 2602 2663 2662 -1 2602 2603 2664 2663 -1 2603 2604 2665 2664 -1 2604 2605 2666 2665 -1 2605 2606 2667 2666 -1 2606 2607 2668 2667 -1 2607 2608 2669 2668 -1 2608 2609 2670 2669 -1 2609 2610 2671 2670 -1 2610 2611 2672 2671 -1 2611 2612 2673 2672 -1 2612 2613 2674 2673 -1 2613 2614 2675 2674 -1 2614 2615 2676 2675 -1 2615 2616 2677 2676 -1 2616 2617 2678 2677 -1 2617 2618 2679 2678 -1 2618 2619 2680 2679 -1 2619 2620 2681 2680 -1 2620 2621 2682 2681 -1 2621 2622 2683 2682 -1 2623 2624 2685 2684 -1 2624 2625 2686 2685 -1 2625 2626 2687 2686 -1 2626 2627 2688 2687 -1 2627 2628 2689 2688 -1 2628 2629 2690 2689 -1 2629 2630 2691 2690 -1 2630 2631 2692 2691 -1 2631 2632 2693 2692 -1 2632 2633 2694 2693 -1 2633 2634 2695 2694 -1 2634 2635 2696 2695 -1 2635 2636 2697 2696 -1 2636 2637 2698 2697 -1 2637 2638 2699 2698 -1 2638 2639 2700 2699 -1 2639 2640 2701 2700 -1 2640 2641 2702 2701 -1 2641 2642 2703 2702 -1 2642 2643 2704 2703 -1 2643 2644 2705 2704 -1 2644 2645 2706 2705 -1 2645 2646 2707 2706 -1 2646 2647 2708 2707 -1 2647 2648 2709 2708 -1 2648 2649 2710 2709 -1 2649 2650 2711 2710 -1 2650 2651 2712 2711 -1 2651 2652 2713 2712 -1 2652 2653 2714 2713 -1 2653 2654 2715 2714 -1 2654 2655 2716 2715 -1 2655 2656 2717 2716 -1 2656 2657 2718 2717 -1 2657 2658 2719 2718 -1 2658 2659 2720 2719 -1 2659 2660 2721 2720 -1 2660 2661 2722 2721 -1 2661 2662 2723 2722 -1 2662 2663 2724 2723 -1 2663 2664 2725 2724 -1 2664 2665 2726 2725 -1 2665 2666 2727 2726 -1 2666 2667 2728 2727 -1 2667 2668 2729 2728 -1 2668 2669 2730 2729 -1 2669 2670 2731 2730 -1 2670 2671 2732 2731 -1 2671 2672 2733 2732 -1 2672 2673 2734 2733 -1 2673 2674 2735 2734 -1 2674 2675 2736 2735 -1 2675 2676 2737 2736 -1 2676 2677 2738 2737 -1 2677 2678 2739 2738 -1 2678 2679 2740 2739 -1 2679 2680 2741 2740 -1 2680 2681 2742 2741 -1 2681 2682 2743 2742 -1 2682 2683 2744 2743 -1 2684 2685 2746 2745 -1 2685 2686 2747 2746 -1 2686 2687 2748 2747 -1 2687 2688 2749 2748 -1 2688 2689 2750 2749 -1 2689 2690 2751 2750 -1 2690 2691 2752 2751 -1 2691 2692 2753 2752 -1 2692 2693 2754 2753 -1 2693 2694 2755 2754 -1 2694 2695 2756 2755 -1 2695 2696 2757 2756 -1 2696 2697 2758 2757 -1 2697 2698 2759 2758 -1 2698 2699 2760 2759 -1 2699 2700 2761 2760 -1 2700 2701 2762 2761 -1 2701 2702 2763 2762 -1 2702 2703 2764 2763 -1 2703 2704 2765 2764 -1 2704 2705 2766 2765 -1 2705 2706 2767 2766 -1 2706 2707 2768 2767 -1 2707 2708 2769 2768 -1 2708 2709 2770 2769 -1 2709 2710 2771 2770 -1 2710 2711 2772 2771 -1 2711 2712 2773 2772 -1 2712 2713 2774 2773 -1 2713 2714 2775 2774 -1 2714 2715 2776 2775 -1 2715 2716 2777 2776 -1 2716 2717 2778 2777 -1 2717 2718 2779 2778 -1 2718 2719 2780 2779 -1 2719 2720 2781 2780 -1 2720 2721 2782 2781 -1 2721 2722 2783 2782 -1 2722 2723 2784 2783 -1 2723 2724 2785 2784 -1 2724 2725 2786 2785 -1 2725 2726 2787 2786 -1 2726 2727 2788 2787 -1 2727 2728 2789 2788 -1 2728 2729 2790 2789 -1 2729 2730 2791 2790 -1 2730 2731 2792 2791 -1 2731 2732 2793 2792 -1 2732 2733 2794 2793 -1 2733 2734 2795 2794 -1 2734 2735 2796 2795 -1 2735 2736 2797 2796 -1 2736 2737 2798 2797 -1 2737 2738 2799 2798 -1 2738 2739 2800 2799 -1 2739 2740 2801 2800 -1 2740 2741 2802 2801 -1 2741 2742 2803 2802 -1 2742 2743 2804 2803 -1 2743 2744 2805 2804 -1 2745 2746 2807 2806 -1 2746 2747 2808 2807 -1 2747 2748 2809 2808 -1 2748 2749 2810 2809 -1 2749 2750 2811 2810 -1 2750 2751 2812 2811 -1 2751 2752 2813 2812 -1 2752 2753 2814 2813 -1 2753 2754 2815 2814 -1 2754 2755 2816 2815 -1 2755 2756 2817 2816 -1 2756 2757 2818 2817 -1 2757 2758 2819 2818 -1 2758 2759 2820 2819 -1 2759 2760 2821 2820 -1 2760 2761 2822 2821 -1 2761 2762 2823 2822 -1 2762 2763 2824 2823 -1 2763 2764 2825 2824 -1 2764 2765 2826 2825 -1 2765 2766 2827 2826 -1 2766 2767 2828 2827 -1 2767 2768 2829 2828 -1 2768 2769 2830 2829 -1 2769 2770 2831 2830 -1 2770 2771 2832 2831 -1 2771 2772 2833 2832 -1 2772 2773 2834 2833 -1 2773 2774 2835 2834 -1 2774 2775 2836 2835 -1 2775 2776 2837 2836 -1 2776 2777 2838 2837 -1 2777 2778 2839 2838 -1 2778 2779 2840 2839 -1 2779 2780 2841 2840 -1 2780 2781 2842 2841 -1 2781 2782 2843 2842 -1 2782 2783 2844 2843 -1 2783 2784 2845 2844 -1 2784 2785 2846 2845 -1 2785 2786 2847 2846 -1 2786 2787 2848 2847 -1 2787 2788 2849 2848 -1 2788 2789 2850 2849 -1 2789 2790 2851 2850 -1 2790 2791 2852 2851 -1 2791 2792 2853 2852 -1 2792 2793 2854 2853 -1 2793 2794 2855 2854 -1 2794 2795 2856 2855 -1 2795 2796 2857 2856 -1 2796 2797 2858 2857 -1 2797 2798 2859 2858 -1 2798 2799 2860 2859 -1 2799 2800 2861 2860 -1 2800 2801 2862 2861 -1 2801 2802 2863 2862 -1 2802 2803 2864 2863 -1 2803 2804 2865 2864 -1 2804 2805 2866 2865 -1 2806 2807 2868 2867 -1 2807 2808 2869 2868 -1 2808 2809 2870 2869 -1 2809 2810 2871 2870 -1 2810 2811 2872 2871 -1 2811 2812 2873 2872 -1 2812 2813 2874 2873 -1 2813 2814 2875 2874 -1 2814 2815 2876 2875 -1 2815 2816 2877 2876 -1 2816 2817 2878 2877 -1 2817 2818 2879 2878 -1 2818 2819 2880 2879 -1 2819 2820 2881 2880 -1 2820 2821 2882 2881 -1 2821 2822 2883 2882 -1 2822 2823 2884 2883 -1 2823 2824 2885 2884 -1 2824 2825 2886 2885 -1 2825 2826 2887 2886 -1 2826 2827 2888 2887 -1 2827 2828 2889 2888 -1 2828 2829 2890 2889 -1 2829 2830 2891 2890 -1 2830 2831 2892 2891 -1 2831 2832 2893 2892 -1 2832 2833 2894 2893 -1 2833 2834 2895 2894 -1 2834 2835 2896 2895 -1 2835 2836 2897 2896 -1 2836 2837 2898 2897 -1 2837 2838 2899 2898 -1 2838 2839 2900 2899 -1 2839 2840 2901 2900 -1 2840 2841 2902 2901 -1 2841 2842 2903 2902 -1 2842 2843 2904 2903 -1 2843 2844 2905 2904 -1 2844 2845 2906 2905 -1 2845 2846 2907 2906 -1 2846 2847 2908 2907 -1 2847 2848 2909 2908 -1 2848 2849 2910 2909 -1 2849 2850 2911 2910 -1 2850 2851 2912 2911 -1 2851 2852 2913 2912 -1 2852 2853 2914 2913 -1 2853 2854 2915 2914 -1 2854 2855 2916 2915 -1 2855 2856 2917 2916 -1 2856 2857 2918 2917 -1 2857 2858 2919 2918 -1 2858 2859 2920 2919 -1 2859 2860 2921 2920 -1 2860 2861 2922 2921 -1 2861 2862 2923 2922 -1 2862 2863 2924 2923 -1 2863 2864 2925 2924 -1 2864 2865 2926 2925 -1 2865 2866 2927 2926 -1 2867 2868 2929 2928 -1 2868 2869 2930 2929 -1 2869 2870 2931 2930 -1 2870 2871 2932 2931 -1 2871 2872 2933 2932 -1 2872 2873 2934 2933 -1 2873 2874 2935 2934 -1 2874 2875 2936 2935 -1 2875 2876 2937 2936 -1 2876 2877 2938 2937 -1 2877 2878 2939 2938 -1 2878 2879 2940 2939 -1 2879 2880 2941 2940 -1 2880 2881 2942 2941 -1 2881 2882 2943 2942 -1 2882 2883 2944 2943 -1 2883 2884 2945 2944 -1 2884 2885 2946 2945 -1 2885 2886 2947 2946 -1 2886 2887 2948 2947 -1 2887 2888 2949 2948 -1 2888 2889 2950 2949 -1 2889 2890 2951 2950 -1 2890 2891 2952 2951 -1 2891 2892 2953 2952 -1 2892 2893 2954 2953 -1 2893 2894 2955 2954 -1 2894 2895 2956 2955 -1 2895 2896 2957 2956 -1 2896 2897 2958 2957 -1 2897 2898 2959 2958 -1 2898 2899 2960 2959 -1 2899 2900 2961 2960 -1 2900 2901 2962 2961 -1 2901 2902 2963 2962 -1 2902 2903 2964 2963 -1 2903 2904 2965 2964 -1 2904 2905 2966 2965 -1 2905 2906 2967 2966 -1 2906 2907 2968 2967 -1 2907 2908 2969 2968 -1 2908 2909 2970 2969 -1 2909 2910 2971 2970 -1 2910 2911 2972 2971 -1 2911 2912 2973 2972 -1 2912 2913 2974 2973 -1 2913 2914 2975 2974 -1 2914 2915 2976 2975 -1 2915 2916 2977 2976 -1 2916 2917 2978 2977 -1 2917 2918 2979 2978 -1 2918 2919 2980 2979 -1 2919 2920 2981 2980 -1 2920 2921 2982 2981 -1 2921 2922 2983 2982 -1 2922 2923 2984 2983 -1 2923 2924 2985 2984 -1 2924 2925 2986 2985 -1 2925 2926 2987 2986 -1 2926 2927 2988 2987 -1 2928 2929 2990 2989 -1 2929 2930 2991 2990 -1 2930 2931 2992 2991 -1 2931 2932 2993 2992 -1 2932 2933 2994 2993 -1 2933 2934 2995 2994 -1 2934 2935 2996 2995 -1 2935 2936 2997 2996 -1 2936 2937 2998 2997 -1 2937 2938 2999 2998 -1 2938 2939 3000 2999 -1 2939 2940 3001 3000 -1 2940 2941 3002 3001 -1 2941 2942 3003 3002 -1 2942 2943 3004 3003 -1 2943 2944 3005 3004 -1 2944 2945 3006 3005 -1 2945 2946 3007 3006 -1 2946 2947 3008 3007 -1 2947 2948 3009 3008 -1 2948 2949 3010 3009 -1 2949 2950 3011 3010 -1 2950 2951 3012 3011 -1 2951 2952 3013 3012 -1 2952 2953 3014 3013 -1 2953 2954 3015 3014 -1 2954 2955 3016 3015 -1 2955 2956 3017 3016 -1 2956 2957 3018 3017 -1 2957 2958 3019 3018 -1 2958 2959 3020 3019 -1 2959 2960 3021 3020 -1 2960 2961 3022 3021 -1 2961 2962 3023 3022 -1 2962 2963 3024 3023 -1 2963 2964 3025 3024 -1 2964 2965 3026 3025 -1 2965 2966 3027 3026 -1 2966 2967 3028 3027 -1 2967 2968 3029 3028 -1 2968 2969 3030 3029 -1 2969 2970 3031 3030 -1 2970 2971 3032 3031 -1 2971 2972 3033 3032 -1 2972 2973 3034 3033 -1 2973 2974 3035 3034 -1 2974 2975 3036 3035 -1 2975 2976 3037 3036 -1 2976 2977 3038 3037 -1 2977 2978 3039 3038 -1 2978 2979 3040 3039 -1 2979 2980 3041 3040 -1 2980 2981 3042 3041 -1 2981 2982 3043 3042 -1 2982 2983 3044 3043 -1 2983 2984 3045 3044 -1 2984 2985 3046 3045 -1 2985 2986 3047 3046 -1 2986 2987 3048 3047 -1 2987 2988 3049 3048 -1 2989 2990 3051 3050 -1 2990 2991 3052 3051 -1 2991 2992 3053 3052 -1 2992 2993 3054 3053 -1 2993 2994 3055 3054 -1 2994 2995 3056 3055 -1 2995 2996 3057 3056 -1 2996 2997 3058 3057 -1 2997 2998 3059 3058 -1 2998 2999 3060 3059 -1 2999 3000 3061 3060 -1 3000 3001 3062 3061 -1 3001 3002 3063 3062 -1 3002 3003 3064 3063 -1 3003 3004 3065 3064 -1 3004 3005 3066 3065 -1 3005 3006 3067 3066 -1 3006 3007 3068 3067 -1 3007 3008 3069 3068 -1 3008 3009 3070 3069 -1 3009 3010 3071 3070 -1 3010 3011 3072 3071 -1 3011 3012 3073 3072 -1 3012 3013 3074 3073 -1 3013 3014 3075 3074 -1 3014 3015 3076 3075 -1 3015 3016 3077 3076 -1 3016 3017 3078 3077 -1 3017 3018 3079 3078 -1 3018 3019 3080 3079 -1 3019 3020 3081 3080 -1 3020 3021 3082 3081 -1 3021 3022 3083 3082 -1 3022 3023 3084 3083 -1 3023 3024 3085 3084 -1 3024 3025 3086 3085 -1 3025 3026 3087 3086 -1 3026 3027 3088 3087 -1 3027 3028 3089 3088 -1 3028 3029 3090 3089 -1 3029 3030 3091 3090 -1 3030 3031 3092 3091 -1 3031 3032 3093 3092 -1 3032 3033 3094 3093 -1 3033 3034 3095 3094 -1 3034 3035 3096 3095 -1 3035 3036 3097 3096 -1 3036 3037 3098 3097 -1 3037 3038 3099 3098 -1 3038 3039 3100 3099 -1 3039 3040 3101 3100 -1 3040 3041 3102 3101 -1 3041 3042 3103 3102 -1 3042 3043 3104 3103 -1 3043 3044 3105 3104 -1 3044 3045 3106 3105 -1 3045 3046 3107 3106 -1 3046 3047 3108 3107 -1 3047 3048 3109 3108 -1 3048 3049 3110 3109 -1 3050 3051 3112 3111 -1 3051 3052 3113 3112 -1 3052 3053 3114 3113 -1 3053 3054 3115 3114 -1 3054 3055 3116 3115 -1 3055 3056 3117 3116 -1 3056 3057 3118 3117 -1 3057 3058 3119 3118 -1 3058 3059 3120 3119 -1 3059 3060 3121 3120 -1 3060 3061 3122 3121 -1 3061 3062 3123 3122 -1 3062 3063 3124 3123 -1 3063 3064 3125 3124 -1 3064 3065 3126 3125 -1 3065 3066 3127 3126 -1 3066 3067 3128 3127 -1 3067 3068 3129 3128 -1 3068 3069 3130 3129 -1 3069 3070 3131 3130 -1 3070 3071 3132 3131 -1 3071 3072 3133 3132 -1 3072 3073 3134 3133 -1 3073 3074 3135 3134 -1 3074 3075 3136 3135 -1 3075 3076 3137 3136 -1 3076 3077 3138 3137 -1 3077 3078 3139 3138 -1 3078 3079 3140 3139 -1 3079 3080 3141 3140 -1 3080 3081 3142 3141 -1 3081 3082 3143 3142 -1 3082 3083 3144 3143 -1 3083 3084 3145 3144 -1 3084 3085 3146 3145 -1 3085 3086 3147 3146 -1 3086 3087 3148 3147 -1 3087 3088 3149 3148 -1 3088 3089 3150 3149 -1 3089 3090 3151 3150 -1 3090 3091 3152 3151 -1 3091 3092 3153 3152 -1 3092 3093 3154 3153 -1 3093 3094 3155 3154 -1 3094 3095 3156 3155 -1 3095 3096 3157 3156 -1 3096 3097 3158 3157 -1 3097 3098 3159 3158 -1 3098 3099 3160 3159 -1 3099 3100 3161 3160 -1 3100 3101 3162 3161 -1 3101 3102 3163 3162 -1 3102 3103 3164 3163 -1 3103 3104 3165 3164 -1 3104 3105 3166 3165 -1 3105 3106 3167 3166 -1 3106 3107 3168 3167 -1 3107 3108 3169 3168 -1 3108 3109 3170 3169 -1 3109 3110 3171 3170 -1 3111 3112 3173 3172 -1 3112 3113 3174 3173 -1 3113 3114 3175 3174 -1 3114 3115 3176 3175 -1 3115 3116 3177 3176 -1 3116 3117 3178 3177 -1 3117 3118 3179 3178 -1 3118 3119 3180 3179 -1 3119 3120 3181 3180 -1 3120 3121 3182 3181 -1 3121 3122 3183 3182 -1 3122 3123 3184 3183 -1 3123 3124 3185 3184 -1 3124 3125 3186 3185 -1 3125 3126 3187 3186 -1 3126 3127 3188 3187 -1 3127 3128 3189 3188 -1 3128 3129 3190 3189 -1 3129 3130 3191 3190 -1 3130 3131 3192 3191 -1 3131 3132 3193 3192 -1 3132 3133 3194 3193 -1 3133 3134 3195 3194 -1 3134 3135 3196 3195 -1 3135 3136 3197 3196 -1 3136 3137 3198 3197 -1 3137 3138 3199 3198 -1 3138 3139 3200 3199 -1 3139 3140 3201 3200 -1 3140 3141 3202 3201 -1 3141 3142 3203 3202 -1 3142 3143 3204 3203 -1 3143 3144 3205 3204 -1 3144 3145 3206 3205 -1 3145 3146 3207 3206 -1 3146 3147 3208 3207 -1 3147 3148 3209 3208 -1 3148 3149 3210 3209 -1 3149 3150 3211 3210 -1 3150 3151 3212 3211 -1 3151 3152 3213 3212 -1 3152 3153 3214 3213 -1 3153 3154 3215 3214 -1 3154 3155 3216 3215 -1 3155 3156 3217 3216 -1 3156 3157 3218 3217 -1 3157 3158 3219 3218 -1 3158 3159 3220 3219 -1 3159 3160 3221 3220 -1 3160 3161 3222 3221 -1 3161 3162 3223 3222 -1 3162 3163 3224 3223 -1 3163 3164 3225 3224 -1 3164 3165 3226 3225 -1 3165 3166 3227 3226 -1 3166 3167 3228 3227 -1 3167 3168 3229 3228 -1 3168 3169 3230 3229 -1 3169 3170 3231 3230 -1 3170 3171 3232 3231 -1 3172 3173 3234 3233 -1 3173 3174 3235 3234 -1 3174 3175 3236 3235 -1 3175 3176 3237 3236 -1 3176 3177 3238 3237 -1 3177 3178 3239 3238 -1 3178 3179 3240 3239 -1 3179 3180 3241 3240 -1 3180 3181 3242 3241 -1 3181 3182 3243 3242 -1 3182 3183 3244 3243 -1 3183 3184 3245 3244 -1 3184 3185 3246 3245 -1 3185 3186 3247 3246 -1 3186 3187 3248 3247 -1 3187 3188 3249 3248 -1 3188 3189 3250 3249 -1 3189 3190 3251 3250 -1 3190 3191 3252 3251 -1 3191 3192 3253 3252 -1 3192 3193 3254 3253 -1 3193 3194 3255 3254 -1 3194 3195 3256 3255 -1 3195 3196 3257 3256 -1 3196 3197 3258 3257 -1 3197 3198 3259 3258 -1 3198 3199 3260 3259 -1 3199 3200 3261 3260 -1 3200 3201 3262 3261 -1 3201 3202 3263 3262 -1 3202 3203 3264 3263 -1 3203 3204 3265 3264 -1 3204 3205 3266 3265 -1 3205 3206 3267 3266 -1 3206 3207 3268 3267 -1 3207 3208 3269 3268 -1 3208 3209 3270 3269 -1 3209 3210 3271 3270 -1 3210 3211 3272 3271 -1 3211 3212 3273 3272 -1 3212 3213 3274 3273 -1 3213 3214 3275 3274 -1 3214 3215 3276 3275 -1 3215 3216 3277 3276 -1 3216 3217 3278 3277 -1 3217 3218 3279 3278 -1 3218 3219 3280 3279 -1 3219 3220 3281 3280 -1 3220 3221 3282 3281 -1 3221 3222 3283 3282 -1 3222 3223 3284 3283 -1 3223 3224 3285 3284 -1 3224 3225 3286 3285 -1 3225 3226 3287 3286 -1 3226 3227 3288 3287 -1 3227 3228 3289 3288 -1 3228 3229 3290 3289 -1 3229 3230 3291 3290 -1 3230 3231 3292 3291 -1 3231 3232 3293 3292 -1 3233 3234 3295 3294 -1 3234 3235 3296 3295 -1 3235 3236 3297 3296 -1 3236 3237 3298 3297 -1 3237 3238 3299 3298 -1 3238 3239 3300 3299 -1 3239 3240 3301 3300 -1 3240 3241 3302 3301 -1 3241 3242 3303 3302 -1 3242 3243 3304 3303 -1 3243 3244 3305 3304 -1 3244 3245 3306 3305 -1 3245 3246 3307 3306 -1 3246 3247 3308 3307 -1 3247 3248 3309 3308 -1 3248 3249 3310 3309 -1 3249 3250 3311 3310 -1 3250 3251 3312 3311 -1 3251 3252 3313 3312 -1 3252 3253 3314 3313 -1 3253 3254 3315 3314 -1 3254 3255 3316 3315 -1 3255 3256 3317 3316 -1 3256 3257 3318 3317 -1 3257 3258 3319 3318 -1 3258 3259 3320 3319 -1 3259 3260 3321 3320 -1 3260 3261 3322 3321 -1 3261 3262 3323 3322 -1 3262 3263 3324 3323 -1 3263 3264 3325 3324 -1 3264 3265 3326 3325 -1 3265 3266 3327 3326 -1 3266 3267 3328 3327 -1 3267 3268 3329 3328 -1 3268 3269 3330 3329 -1 3269 3270 3331 3330 -1 3270 3271 3332 3331 -1 3271 3272 3333 3332 -1 3272 3273 3334 3333 -1 3273 3274 3335 3334 -1 3274 3275 3336 3335 -1 3275 3276 3337 3336 -1 3276 3277 3338 3337 -1 3277 3278 3339 3338 -1 3278 3279 3340 3339 -1 3279 3280 3341 3340 -1 3280 3281 3342 3341 -1 3281 3282 3343 3342 -1 3282 3283 3344 3343 -1 3283 3284 3345 3344 -1 3284 3285 3346 3345 -1 3285 3286 3347 3346 -1 3286 3287 3348 3347 -1 3287 3288 3349 3348 -1 3288 3289 3350 3349 -1 3289 3290 3351 3350 -1 3290 3291 3352 3351 -1 3291 3292 3353 3352 -1 3292 3293 3354 3353 -1 3294 3295 3356 3355 -1 3295 3296 3357 3356 -1 3296 3297 3358 3357 -1 3297 3298 3359 3358 -1 3298 3299 3360 3359 -1 3299 3300 3361 3360 -1 3300 3301 3362 3361 -1 3301 3302 3363 3362 -1 3302 3303 3364 3363 -1 3303 3304 3365 3364 -1 3304 3305 3366 3365 -1 3305 3306 3367 3366 -1 3306 3307 3368 3367 -1 3307 3308 3369 3368 -1 3308 3309 3370 3369 -1 3309 3310 3371 3370 -1 3310 3311 3372 3371 -1 3311 3312 3373 3372 -1 3312 3313 3374 3373 -1 3313 3314 3375 3374 -1 3314 3315 3376 3375 -1 3315 3316 3377 3376 -1 3316 3317 3378 3377 -1 3317 3318 3379 3378 -1 3318 3319 3380 3379 -1 3319 3320 3381 3380 -1 3320 3321 3382 3381 -1 3321 3322 3383 3382 -1 3322 3323 3384 3383 -1 3323 3324 3385 3384 -1 3324 3325 3386 3385 -1 3325 3326 3387 3386 -1 3326 3327 3388 3387 -1 3327 3328 3389 3388 -1 3328 3329 3390 3389 -1 3329 3330 3391 3390 -1 3330 3331 3392 3391 -1 3331 3332 3393 3392 -1 3332 3333 3394 3393 -1 3333 3334 3395 3394 -1 3334 3335 3396 3395 -1 3335 3336 3397 3396 -1 3336 3337 3398 3397 -1 3337 3338 3399 3398 -1 3338 3339 3400 3399 -1 3339 3340 3401 3400 -1 3340 3341 3402 3401 -1 3341 3342 3403 3402 -1 3342 3343 3404 3403 -1 3343 3344 3405 3404 -1 3344 3345 3406 3405 -1 3345 3346 3407 3406 -1 3346 3347 3408 3407 -1 3347 3348 3409 3408 -1 3348 3349 3410 3409 -1 3349 3350 3411 3410 -1 3350 3351 3412 3411 -1 3351 3352 3413 3412 -1 3352 3353 3414 3413 -1 3353 3354 3415 3414 -1 3355 3356 3417 3416 -1 3356 3357 3418 3417 -1 3357 3358 3419 3418 -1 3358 3359 3420 3419 -1 3359 3360 3421 3420 -1 3360 3361 3422 3421 -1 3361 3362 3423 3422 -1 3362 3363 3424 3423 -1 3363 3364 3425 3424 -1 3364 3365 3426 3425 -1 3365 3366 3427 3426 -1 3366 3367 3428 3427 -1 3367 3368 3429 3428 -1 3368 3369 3430 3429 -1 3369 3370 3431 3430 -1 3370 3371 3432 3431 -1 3371 3372 3433 3432 -1 3372 3373 3434 3433 -1 3373 3374 3435 3434 -1 3374 3375 3436 3435 -1 3375 3376 3437 3436 -1 3376 3377 3438 3437 -1 3377 3378 3439 3438 -1 3378 3379 3440 3439 -1 3379 3380 3441 3440 -1 3380 3381 3442 3441 -1 3381 3382 3443 3442 -1 3382 3383 3444 3443 -1 3383 3384 3445 3444 -1 3384 3385 3446 3445 -1 3385 3386 3447 3446 -1 3386 3387 3448 3447 -1 3387 3388 3449 3448 -1 3388 3389 3450 3449 -1 3389 3390 3451 3450 -1 3390 3391 3452 3451 -1 3391 3392 3453 3452 -1 3392 3393 3454 3453 -1 3393 3394 3455 3454 -1 3394 3395 3456 3455 -1 3395 3396 3457 3456 -1 3396 3397 3458 3457 -1 3397 3398 3459 3458 -1 3398 3399 3460 3459 -1 3399 3400 3461 3460 -1 3400 3401 3462 3461 -1 3401 3402 3463 3462 -1 3402 3403 3464 3463 -1 3403 3404 3465 3464 -1 3404 3405 3466 3465 -1 3405 3406 3467 3466 -1 3406 3407 3468 3467 -1 3407 3408 3469 3468 -1 3408 3409 3470 3469 -1 3409 3410 3471 3470 -1 3410 3411 3472 3471 -1 3411 3412 3473 3472 -1 3412 3413 3474 3473 -1 3413 3414 3475 3474 -1 3414 3415 3476 3475 -1 3416 3417 3478 3477 -1 3417 3418 3479 3478 -1 3418 3419 3480 3479 -1 3419 3420 3481 3480 -1 3420 3421 3482 3481 -1 3421 3422 3483 3482 -1 3422 3423 3484 3483 -1 3423 3424 3485 3484 -1 3424 3425 3486 3485 -1 3425 3426 3487 3486 -1 3426 3427 3488 3487 -1 3427 3428 3489 3488 -1 3428 3429 3490 3489 -1 3429 3430 3491 3490 -1 3430 3431 3492 3491 -1 3431 3432 3493 3492 -1 3432 3433 3494 3493 -1 3433 3434 3495 3494 -1 3434 3435 3496 3495 -1 3435 3436 3497 3496 -1 3436 3437 3498 3497 -1 3437 3438 3499 3498 -1 3438 3439 3500 3499 -1 3439 3440 3501 3500 -1 3440 3441 3502 3501 -1 3441 3442 3503 3502 -1 3442 3443 3504 3503 -1 3443 3444 3505 3504 -1 3444 3445 3506 3505 -1 3445 3446 3507 3506 -1 3446 3447 3508 3507 -1 3447 3448 3509 3508 -1 3448 3449 3510 3509 -1 3449 3450 3511 3510 -1 3450 3451 3512 3511 -1 3451 3452 3513 3512 -1 3452 3453 3514 3513 -1 3453 3454 3515 3514 -1 3454 3455 3516 3515 -1 3455 3456 3517 3516 -1 3456 3457 3518 3517 -1 3457 3458 3519 3518 -1 3458 3459 3520 3519 -1 3459 3460 3521 3520 -1 3460 3461 3522 3521 -1 3461 3462 3523 3522 -1 3462 3463 3524 3523 -1 3463 3464 3525 3524 -1 3464 3465 3526 3525 -1 3465 3466 3527 3526 -1 3466 3467 3528 3527 -1 3467 3468 3529 3528 -1 3468 3469 3530 3529 -1 3469 3470 3531 3530 -1 3470 3471 3532 3531 -1 3471 3472 3533 3532 -1 3472 3473 3534 3533 -1 3473 3474 3535 3534 -1 3474 3475 3536 3535 -1 3475 3476 3537 3536 -1 3477 3478 3539 3538 -1 3478 3479 3540 3539 -1 3479 3480 3541 3540 -1 3480 3481 3542 3541 -1 3481 3482 3543 3542 -1 3482 3483 3544 3543 -1 3483 3484 3545 3544 -1 3484 3485 3546 3545 -1 3485 3486 3547 3546 -1 3486 3487 3548 3547 -1 3487 3488 3549 3548 -1 3488 3489 3550 3549 -1 3489 3490 3551 3550 -1 3490 3491 3552 3551 -1 3491 3492 3553 3552 -1 3492 3493 3554 3553 -1 3493 3494 3555 3554 -1 3494 3495 3556 3555 -1 3495 3496 3557 3556 -1 3496 3497 3558 3557 -1 3497 3498 3559 3558 -1 3498 3499 3560 3559 -1 3499 3500 3561 3560 -1 3500 3501 3562 3561 -1 3501 3502 3563 3562 -1 3502 3503 3564 3563 -1 3503 3504 3565 3564 -1 3504 3505 3566 3565 -1 3505 3506 3567 3566 -1 3506 3507 3568 3567 -1 3507 3508 3569 3568 -1 3508 3509 3570 3569 -1 3509 3510 3571 3570 -1 3510 3511 3572 3571 -1 3511 3512 3573 3572 -1 3512 3513 3574 3573 -1 3513 3514 3575 3574 -1 3514 3515 3576 3575 -1 3515 3516 3577 3576 -1 3516 3517 3578 3577 -1 3517 3518 3579 3578 -1 3518 3519 3580 3579 -1 3519 3520 3581 3580 -1 3520 3521 3582 3581 -1 3521 3522 3583 3582 -1 3522 3523 3584 3583 -1 3523 3524 3585 3584 -1 3524 3525 3586 3585 -1 3525 3526 3587 3586 -1 3526 3527 3588 3587 -1 3527 3528 3589 3588 -1 3528 3529 3590 3589 -1 3529 3530 3591 3590 -1 3530 3531 3592 3591 -1 3531 3532 3593 3592 -1 3532 3533 3594 3593 -1 3533 3534 3595 3594 -1 3534 3535 3596 3595 -1 3535 3536 3597 3596 -1 3536 3537 3598 3597 -1 3538 3539 3600 3599 -1 3539 3540 3601 3600 -1 3540 3541 3602 3601 -1 3541 3542 3603 3602 -1 3542 3543 3604 3603 -1 3543 3544 3605 3604 -1 3544 3545 3606 3605 -1 3545 3546 3607 3606 -1 3546 3547 3608 3607 -1 3547 3548 3609 3608 -1 3548 3549 3610 3609 -1 3549 3550 3611 3610 -1 3550 3551 3612 3611 -1 3551 3552 3613 3612 -1 3552 3553 3614 3613 -1 3553 3554 3615 3614 -1 3554 3555 3616 3615 -1 3555 3556 3617 3616 -1 3556 3557 3618 3617 -1 3557 3558 3619 3618 -1 3558 3559 3620 3619 -1 3559 3560 3621 3620 -1 3560 3561 3622 3621 -1 3561 3562 3623 3622 -1 3562 3563 3624 3623 -1 3563 3564 3625 3624 -1 3564 3565 3626 3625 -1 3565 3566 3627 3626 -1 3566 3567 3628 3627 -1 3567 3568 3629 3628 -1 3568 3569 3630 3629 -1 3569 3570 3631 3630 -1 3570 3571 3632 3631 -1 3571 3572 3633 3632 -1 3572 3573 3634 3633 -1 3573 3574 3635 3634 -1 3574 3575 3636 3635 -1 3575 3576 3637 3636 -1 3576 3577 3638 3637 -1 3577 3578 3639 3638 -1 3578 3579 3640 3639 -1 3579 3580 3641 3640 -1 3580 3581 3642 3641 -1 3581 3582 3643 3642 -1 3582 3583 3644 3643 -1 3583 3584 3645 3644 -1 3584 3585 3646 3645 -1 3585 3586 3647 3646 -1 3586 3587 3648 3647 -1 3587 3588 3649 3648 -1 3588 3589 3650 3649 -1 3589 3590 3651 3650 -1 3590 3591 3652 3651 -1 3591 3592 3653 3652 -1 3592 3593 3654 3653 -1 3593 3594 3655 3654 -1 3594 3595 3656 3655 -1 3595 3596 3657 3656 -1 3596 3597 3658 3657 -1 3597 3598 3659 3658 -1 3599 3600 3661 3660 -1 3600 3601 3662 3661 -1 3601 3602 3663 3662 -1 3602 3603 3664 3663 -1 3603 3604 3665 3664 -1 3604 3605 3666 3665 -1 3605 3606 3667 3666 -1 3606 3607 3668 3667 -1 3607 3608 3669 3668 -1 3608 3609 3670 3669 -1 3609 3610 3671 3670 -1 3610 3611 3672 3671 -1 3611 3612 3673 3672 -1 3612 3613 3674 3673 -1 3613 3614 3675 3674 -1 3614 3615 3676 3675 -1 3615 3616 3677 3676 -1 3616 3617 3678 3677 -1 3617 3618 3679 3678 -1 3618 3619 3680 3679 -1 3619 3620 3681 3680 -1 3620 3621 3682 3681 -1 3621 3622 3683 3682 -1 3622 3623 3684 3683 -1 3623 3624 3685 3684 -1 3624 3625 3686 3685 -1 3625 3626 3687 3686 -1 3626 3627 3688 3687 -1 3627 3628 3689 3688 -1 3628 3629 3690 3689 -1 3629 3630 3691 3690 -1 3630 3631 3692 3691 -1 3631 3632 3693 3692 -1 3632 3633 3694 3693 -1 3633 3634 3695 3694 -1 3634 3635 3696 3695 -1 3635 3636 3697 3696 -1 3636 3637 3698 3697 -1 3637 3638 3699 3698 -1 3638 3639 3700 3699 -1 3639 3640 3701 3700 -1 3640 3641 3702 3701 -1 3641 3642 3703 3702 -1 3642 3643 3704 3703 -1 3643 3644 3705 3704 -1 3644 3645 3706 3705 -1 3645 3646 3707 3706 -1 3646 3647 3708 3707 -1 3647 3648 3709 3708 -1 3648 3649 3710 3709 -1 3649 3650 3711 3710 -1 3650 3651 3712 3711 -1 3651 3652 3713 3712 -1 3652 3653 3714 3713 -1 3653 3654 3715 3714 -1 3654 3655 3716 3715 -1 3655 3656 3717 3716 -1 3656 3657 3718 3717 -1 3657 3658 3719 3718 -1 3658 3659 3720 3719 -1 '>
          <Coordinate point='-1.9520 -1.9836 -10.3875 -1.8853 -1.9836 -10.3870 -1.8184 -1.9832 -10.3863 -1.7516 -1.9828 -10.3856 -1.6848 -1.9826 -10.3847 -1.6180 -1.9823 -10.3841 -1.5512 -1.9821 -10.3836 -1.4843 -1.9815 -10.3843 -1.4174 -1.9808 -10.3877 -1.3510 -1.9802 -10.3775 -1.2842 -1.9792 -10.3811 -1.2176 -1.9782 -10.3775 -1.1511 -1.9769 -10.3846 -1.0846 -1.9753 -10.3890 -1.0181 -1.9741 -10.3823 -0.9517 -1.9728 -10.3754 -0.8853 -1.9715 -10.3763 -0.8190 -1.9700 -10.3624 -0.7526 -1.9685 -10.3579 -0.6861 -1.9675 -10.3424 -0.6241 -1.9637 -10.4731 -0.5576 -1.9627 -10.4345 -0.4914 -1.9619 -10.4272 -0.4268 -1.9607 -10.3676 -0.3638 -1.9634 -10.2102 -0.3022 -1.9573 -10.3187 -0.2369 -1.9560 -10.3472 -0.1724 -1.9560 -10.3829 -0.1065 -1.9554 -10.3758 -0.0410 -1.9554 -10.3611 0.0198 -1.9557 -10.3341 0.0904 -1.9589 -10.2928 0.1398 -1.9537 -10.4226 0.1933 -1.9464 -10.5796 0.2584 -1.9379 -10.4141 0.3238 -1.9395 -10.3692 0.3899 -1.9405 -10.3786 0.4562 -1.9415 -10.3821 0.5225 -1.9425 -10.3907 0.5889 -1.9426 -10.3835 0.6554 -1.9427 -10.3856 0.7218 -1.9439 -10.3943 0.7883 -1.9445 -10.3817 0.8547 -1.9439 -10.3825 0.9211 -1.9435 -10.3950 0.9876 -1.9430 -10.3831 1.0541 -1.9435 -10.3839 1.1205 -1.9440 -10.3875 1.1871 -1.9448 -10.3859 1.2536 -1.9454 -10.3872 1.3202 -1.9464 -10.3870 1.3868 -1.9475 -10.3872 1.4535 -1.9482 -10.3868 1.5201 -1.9484 -10.3873 1.5868 -1.9488 -10.3876 1.6536 -1.9488 -10.3876 1.7206 -1.9489 -10.3876 1.7875 -1.9491 -10.3876 1.8544 -1.9485 -10.3876 1.9212 -1.9482 -10.3876 1.9879 -1.9479 -10.3876 -1.9521 -1.9169 -10.3871 -1.8854 -1.9169 -10.3868 -1.8186 -1.9165 -10.3847 -1.7518 -1.9162 -10.3841 -1.6851 -1.9159 -10.3843 -1.6184 -1.9156 -10.3836 -1.5517 -1.9154 -10.3819 -1.4849 -1.9150 -10.3808 -1.4182 -1.9143 -10.3837 -1.3516 -1.9135 -10.3810 -1.2850 -1.9125 -10.3746 -1.2186 -1.9115 -10.3856 -1.1521 -1.9102 -10.3863 -1.0856 -1.9087 -10.3838 -1.0192 -1.9074 -10.3930 -0.9527 -1.9061 -10.3780 -0.8863 -1.9048 -10.3637 -0.8198 -1.9033 -10.3781 -0.7533 -1.9019 -10.3634 -0.6868 -1.9006 -10.3635 -0.6209 -1.8990 -10.3867 -0.5578 -1.8964 -10.4691 -0.4918 -1.8954 -10.4273 -0.4270 -1.8938 -10.3855 -0.3631 -1.8934 -10.3255 -0.2974 -1.8919 -10.3038 -0.2353 -1.8894 -10.3486 -0.1699 -1.8893 -10.3672 -0.1049 -1.8887 -10.3814 -0.0450 -1.8889 -10.3520 0.0181 -1.8894 -10.3282 0.0782 -1.8891 -10.3690 0.1402 -1.8875 -10.4029 0.1927 -1.8791 -10.5386 0.2594 -1.8728 -10.4801 0.3227 -1.8731 -10.3859 0.3890 -1.8739 -10.3667 0.4557 -1.8749 -10.3811 0.5222 -1.8758 -10.3938 0.5888 -1.8760 -10.3799 0.6554 -1.8761 -10.3912 0.7220 -1.8773 -10.3857 0.7885 -1.8777 -10.3827 0.8551 -1.8770 -10.3869 0.9217 -1.8769 -10.3828 0.9881 -1.8764 -10.3880 1.0546 -1.8768 -10.3874 1.1212 -1.8773 -10.3849 1.1876 -1.8781 -10.3865 1.2542 -1.8788 -10.3873 1.3206 -1.8798 -10.3875 1.3871 -1.8808 -10.3872 1.4537 -1.8814 -10.3867 1.5204 -1.8817 -10.3868 1.5871 -1.8822 -10.3872 1.6539 -1.8821 -10.3873 1.7208 -1.8822 -10.3876 1.7876 -1.8824 -10.3876 1.8544 -1.8820 -10.3876 1.9211 -1.8816 -10.3876 1.9878 -1.8813 -10.3876 -1.9522 -1.8504 -10.3866 -1.8855 -1.8502 -10.3855 -1.8189 -1.8499 -10.3855 -1.7524 -1.8495 -10.3832 -1.6856 -1.8493 -10.3825 -1.6189 -1.8490 -10.3802 -1.5522 -1.8487 -10.3854 -1.4856 -1.8482 -10.3791 -1.4190 -1.8476 -10.3791 -1.3524 -1.8468 -10.3787 -1.2859 -1.8458 -10.3780 -1.2194 -1.8449 -10.3749 -1.1530 -1.8436 -10.3939 -1.0866 -1.8421 -10.3931 -1.0202 -1.8407 -10.3823 -0.9538 -1.8394 -10.3955 -0.8874 -1.8381 -10.3750 -0.8212 -1.8367 -10.3536 -0.7545 -1.8353 -10.3743 -0.6879 -1.8340 -10.3658 -0.6212 -1.8326 -10.3711 -0.5555 -1.8312 -10.4009 -0.4910 -1.8293 -10.4344 -0.4256 -1.8277 -10.4131 -0.3631 -1.8262 -10.3607 -0.2987 -1.8235 -10.3321 -0.2322 -1.8230 -10.3412 -0.1687 -1.8225 -10.3625 -0.1048 -1.8217 -10.3811 -0.0461 -1.8223 -10.3493 0.0181 -1.8227 -10.3315 0.0795 -1.8225 -10.3633 0.1424 -1.8210 -10.3870 0.1994 -1.8116 -10.4671 0.2648 -1.8067 -10.4903 0.3234 -1.8061 -10.3789 0.3899 -1.8073 -10.3636 0.4567 -1.8083 -10.3808 0.5235 -1.8091 -10.3925 0.5900 -1.8095 -10.3819 0.6566 -1.8096 -10.3943 0.7229 -1.8108 -10.3741 0.7893 -1.8110 -10.3881 0.8558 -1.8103 -10.3865 0.9223 -1.8102 -10.3807 0.9886 -1.8098 -10.3906 1.0550 -1.8101 -10.3852 1.1214 -1.8106 -10.3873 1.1878 -1.8115 -10.3879 1.2542 -1.8123 -10.3882 1.3207 -1.8132 -10.3873 1.3872 -1.8143 -10.3874 1.4538 -1.8147 -10.3863 1.5203 -1.8150 -10.3864 1.5870 -1.8155 -10.3870 1.6537 -1.8155 -10.3871 1.7206 -1.8154 -10.3870 1.7874 -1.8157 -10.3876 1.8541 -1.8153 -10.3876 1.9208 -1.8149 -10.3876 1.9874 -1.8145 -10.3876 -1.9525 -1.7837 -10.3860 -1.8858 -1.7836 -10.3855 -1.8191 -1.7833 -10.3840 -1.7525 -1.7829 -10.3850 -1.6859 -1.7826 -10.3830 -1.6193 -1.7823 -10.3832 -1.5527 -1.7821 -10.3751 -1.4861 -1.7815 -10.3888 -1.4196 -1.7809 -10.3751 -1.3532 -1.7801 -10.3755 -1.2867 -1.7791 -10.3750 -1.2202 -1.7782 -10.3747 -1.1538 -1.7769 -10.3763 -1.0875 -1.7755 -10.4020 -1.0210 -1.7741 -10.3996 -0.9547 -1.7726 -10.3817 -0.8883 -1.7715 -10.3949 -0.8221 -1.7700 -10.3752 -0.7561 -1.7688 -10.3526 -0.6895 -1.7674 -10.3700 -0.6230 -1.7658 -10.3710 -0.5568 -1.7639 -10.3806 -0.4944 -1.7611 -10.4145 -0.4287 -1.7601 -10.4015 -0.3643 -1.7586 -10.3838 -0.2996 -1.7570 -10.3465 -0.2326 -1.7563 -10.3386 -0.1686 -1.7557 -10.3589 -0.1051 -1.7549 -10.3794 -0.0471 -1.7557 -10.3462 0.0172 -1.7563 -10.3281 0.0794 -1.7557 -10.3586 0.1431 -1.7546 -10.3791 0.2004 -1.7451 -10.4528 0.2644 -1.7399 -10.4850 0.3260 -1.7394 -10.3771 0.3914 -1.7407 -10.3614 0.4578 -1.7416 -10.3845 0.5244 -1.7423 -10.3909 0.5908 -1.7430 -10.3891 0.6569 -1.7433 -10.3595 0.7231 -1.7440 -10.3895 0.7894 -1.7441 -10.3955 0.8557 -1.7436 -10.3784 0.9219 -1.7434 -10.3954 0.9884 -1.7433 -10.3849 1.0549 -1.7434 -10.3887 1.1212 -1.7440 -10.3885 1.1876 -1.7448 -10.3895 1.2540 -1.7457 -10.3867 1.3204 -1.7467 -10.3880 1.3868 -1.7477 -10.3842 1.4534 -1.7481 -10.3861 1.5200 -1.7484 -10.3866 1.5865 -1.7489 -10.3870 1.6532 -1.7489 -10.3862 1.7199 -1.7488 -10.3870 1.7867 -1.7490 -10.3877 1.8534 -1.7486 -10.3876 1.9202 -1.7482 -10.3876 1.9869 -1.7477 -10.3877 -1.9530 -1.7170 -10.3852 -1.8863 -1.7169 -10.3858 -1.8196 -1.7167 -10.3861 -1.7528 -1.7163 -10.3841 -1.6861 -1.7160 -10.3842 -1.6196 -1.7157 -10.3799 -1.5530 -1.7153 -10.3832 -1.4865 -1.7149 -10.3679 -1.4199 -1.7142 -10.3939 -1.3537 -1.7135 -10.3678 -1.2872 -1.7124 -10.3703 -1.2207 -1.7115 -10.3696 -1.1543 -1.7103 -10.3689 -1.0878 -1.7092 -10.3755 -1.0218 -1.7075 -10.4075 -0.9553 -1.7062 -10.4040 -0.8889 -1.7046 -10.3843 -0.8225 -1.7035 -10.3915 -0.7570 -1.7020 -10.3735 -0.6913 -1.7013 -10.3516 -0.6255 -1.6990 -10.3679 -0.5592 -1.6969 -10.3778 -0.4968 -1.6933 -10.3999 -0.4310 -1.6926 -10.3917 -0.3678 -1.6921 -10.3712 -0.3014 -1.6901 -10.3659 -0.2346 -1.6892 -10.3466 -0.1686 -1.6890 -10.3568 -0.1051 -1.6880 -10.3775 -0.0469 -1.6888 -10.3449 0.0168 -1.6900 -10.3242 0.0788 -1.6890 -10.3575 0.1428 -1.6880 -10.3752 0.1994 -1.6782 -10.4451 0.2650 -1.6729 -10.4579 0.3263 -1.6731 -10.3714 0.3924 -1.6742 -10.3666 0.4589 -1.6749 -10.3822 0.5253 -1.6755 -10.3829 0.5908 -1.6769 -10.3460 0.6568 -1.6768 -10.3788 0.7228 -1.6775 -10.4043 0.7889 -1.6770 -10.3796 0.8553 -1.6771 -10.3949 0.9216 -1.6764 -10.3817 0.9879 -1.6767 -10.3903 1.0544 -1.6769 -10.3866 1.1207 -1.6774 -10.3924 1.1872 -1.6782 -10.3839 1.2536 -1.6791 -10.3909 1.3200 -1.6801 -10.3829 1.3864 -1.6810 -10.3853 1.4529 -1.6815 -10.3845 1.5195 -1.6819 -10.3860 1.5861 -1.6823 -10.3858 1.6528 -1.6823 -10.3869 1.7195 -1.6823 -10.3875 1.7861 -1.6824 -10.3872 1.8527 -1.6820 -10.3877 1.9194 -1.6814 -10.3877 1.9860 -1.6808 -10.3877 -1.9530 -1.6504 -10.3846 -1.8863 -1.6504 -10.3847 -1.8196 -1.6502 -10.3859 -1.7530 -1.6498 -10.3828 -1.6863 -1.6494 -10.3839 -1.6197 -1.6491 -10.3847 -1.5532 -1.6487 -10.3726 -1.4866 -1.6483 -10.3839 -1.4202 -1.6477 -10.3601 -1.3537 -1.6470 -10.3974 -1.2874 -1.6458 -10.3626 -1.2209 -1.6449 -10.3630 -1.1545 -1.6436 -10.3630 -1.0881 -1.6427 -10.3643 -1.0217 -1.6414 -10.3739 -0.9562 -1.6395 -10.4098 -0.8896 -1.6380 -10.4057 -0.8233 -1.6364 -10.3851 -0.7568 -1.6354 -10.3834 -0.6911 -1.6344 -10.3707 -0.6259 -1.6335 -10.3543 -0.5607 -1.6303 -10.3699 -0.4995 -1.6263 -10.3961 -0.4332 -1.6253 -10.3886 -0.3711 -1.6253 -10.3644 -0.3046 -1.6234 -10.3670 -0.2380 -1.6222 -10.3628 -0.1702 -1.6220 -10.3595 -0.1053 -1.6210 -10.3753 -0.0462 -1.6220 -10.3442 0.0167 -1.6235 -10.3109 0.0773 -1.6223 -10.3593 0.1433 -1.6214 -10.3709 0.2028 -1.6117 -10.4302 0.2689 -1.6062 -10.4381 0.3269 -1.6073 -10.3613 0.3928 -1.6077 -10.3791 0.4595 -1.6083 -10.3835 0.5244 -1.6102 -10.3561 0.5903 -1.6105 -10.3680 0.6559 -1.6106 -10.4030 0.7222 -1.6106 -10.3888 0.7884 -1.6106 -10.3943 0.8545 -1.6101 -10.3817 0.9211 -1.6097 -10.3899 0.9874 -1.6100 -10.3861 1.0537 -1.6103 -10.3925 1.1201 -1.6107 -10.3802 1.1865 -1.6116 -10.3944 1.2529 -1.6126 -10.3808 1.3192 -1.6136 -10.3866 1.3857 -1.6145 -10.3850 1.4521 -1.6150 -10.3854 1.5187 -1.6154 -10.3850 1.5853 -1.6157 -10.3862 1.6519 -1.6158 -10.3877 1.7184 -1.6159 -10.3878 1.7850 -1.6158 -10.3880 1.8516 -1.6154 -10.3880 1.9183 -1.6147 -10.3878 1.9849 -1.6138 -10.3876 -1.9529 -1.5837 -10.3849 -1.8862 -1.5839 -10.3810 -1.8195 -1.5837 -10.3850 -1.7530 -1.5833 -10.3866 -1.6864 -1.5828 -10.3758 -1.6199 -1.5825 -10.3820 -1.5533 -1.5820 -10.3825 -1.4868 -1.5816 -10.3635 -1.4201 -1.5812 -10.3829 -1.3540 -1.5805 -10.3539 -1.2875 -1.5792 -10.3967 -1.2211 -1.5783 -10.3606 -1.1548 -1.5770 -10.3571 -1.0883 -1.5760 -10.3593 -1.0218 -1.5750 -10.3620 -0.9555 -1.5737 -10.3740 -0.8904 -1.5712 -10.4081 -0.8238 -1.5699 -10.4064 -0.7576 -1.5685 -10.3841 -0.6909 -1.5681 -10.3772 -0.6284 -1.5663 -10.3542 -0.5623 -1.5638 -10.3627 -0.5025 -1.5595 -10.3918 -0.4366 -1.5586 -10.3817 -0.3736 -1.5582 -10.3599 -0.3072 -1.5567 -10.3703 -0.2406 -1.5556 -10.3654 -0.1741 -1.5550 -10.3720 -0.1065 -1.5542 -10.3702 -0.0463 -1.5553 -10.3419 0.0171 -1.5572 -10.3106 0.0780 -1.5559 -10.3548 0.1433 -1.5546 -10.3689 0.2053 -1.5451 -10.4241 0.2725 -1.5397 -10.4206 0.3289 -1.5410 -10.3591 0.3950 -1.5416 -10.3699 0.4610 -1.5416 -10.3776 0.5255 -1.5433 -10.3565 0.5892 -1.5441 -10.3858 0.6556 -1.5438 -10.3997 0.7220 -1.5438 -10.3837 0.7880 -1.5438 -10.3873 0.8543 -1.5433 -10.3913 0.9206 -1.5430 -10.3919 0.9869 -1.5433 -10.3909 1.0532 -1.5436 -10.3807 1.1196 -1.5441 -10.3962 1.1858 -1.5451 -10.3800 1.2520 -1.5461 -10.3882 1.3184 -1.5471 -10.3839 1.3848 -1.5480 -10.3850 1.4512 -1.5486 -10.3866 1.5177 -1.5490 -10.3853 1.5842 -1.5493 -10.3889 1.6508 -1.5493 -10.3888 1.7173 -1.5493 -10.3898 1.7837 -1.5493 -10.3890 1.8503 -1.5488 -10.3888 1.9168 -1.5481 -10.3876 1.9834 -1.5469 -10.3875 -1.9527 -1.5170 -10.3845 -1.8860 -1.5173 -10.3847 -1.8194 -1.5172 -10.3758 -1.7528 -1.5169 -10.3855 -1.6863 -1.5164 -10.3875 -1.6198 -1.5160 -10.3688 -1.5533 -1.5154 -10.3786 -1.4868 -1.5149 -10.3785 -1.4203 -1.5147 -10.3588 -1.3535 -1.5140 -10.3823 -1.2874 -1.5132 -10.3549 -1.2213 -1.5114 -10.3944 -1.1550 -1.5102 -10.3594 -1.0887 -1.5094 -10.3513 -1.0222 -1.5085 -10.3546 -0.9559 -1.5072 -10.3605 -0.8898 -1.5055 -10.3733 -0.8249 -1.5029 -10.4043 -0.7582 -1.5016 -10.4039 -0.6926 -1.5014 -10.3788 -0.6320 -1.4993 -10.3507 -0.5661 -1.4971 -10.3610 -0.5053 -1.4925 -10.3873 -0.4402 -1.4920 -10.3728 -0.3741 -1.4912 -10.3644 -0.3081 -1.4904 -10.3587 -0.2423 -1.4892 -10.3697 -0.1761 -1.4879 -10.3743 -0.1096 -1.4881 -10.3600 -0.0466 -1.4886 -10.3372 0.0173 -1.4910 -10.3088 0.0781 -1.4894 -10.3512 0.1471 -1.4885 -10.3455 0.2013 -1.4780 -10.4506 0.2683 -1.4736 -10.4051 0.3309 -1.4741 -10.3724 0.3960 -1.4762 -10.3562 0.4605 -1.4751 -10.3731 0.5270 -1.4752 -10.3672 0.5897 -1.4768 -10.3965 0.6562 -1.4771 -10.3921 0.7221 -1.4773 -10.3732 0.7874 -1.4770 -10.3940 0.8538 -1.4764 -10.3957 0.9201 -1.4763 -10.3946 0.9862 -1.4766 -10.3837 1.0526 -1.4768 -10.3970 1.1187 -1.4776 -10.3824 1.1849 -1.4785 -10.3878 1.2512 -1.4796 -10.3827 1.3175 -1.4805 -10.3826 1.3839 -1.4815 -10.3890 1.4503 -1.4821 -10.3834 1.5167 -1.4826 -10.3930 1.5831 -1.4828 -10.3908 1.6496 -1.4828 -10.3932 1.7160 -1.4828 -10.3917 1.7825 -1.4827 -10.3911 1.8490 -1.4823 -10.3860 1.9155 -1.4815 -10.3880 1.9822 -1.4801 -10.3873 -1.9523 -1.4503 -10.3858 -1.8857 -1.4506 -10.3837 -1.8190 -1.4508 -10.3840 -1.7524 -1.4506 -10.3683 -1.6859 -1.4500 -10.3819 -1.6194 -1.4495 -10.3869 -1.5531 -1.4489 -10.3650 -1.4866 -1.4484 -10.3774 -1.4200 -1.4482 -10.3774 -1.3538 -1.4474 -10.3590 -1.2869 -1.4467 -10.3787 -1.2208 -1.4453 -10.3582 -1.1547 -1.4436 -10.3838 -1.0893 -1.4424 -10.3584 -1.0228 -1.4418 -10.3512 -0.9564 -1.4409 -10.3510 -0.8900 -1.4396 -10.3585 -0.8252 -1.4370 -10.3779 -0.7603 -1.4341 -10.4001 -0.6965 -1.4331 -10.3811 -0.6306 -1.4332 -10.3610 -0.5657 -1.4321 -10.3465 -0.5048 -1.4267 -10.3729 -0.4383 -1.4255 -10.3835 -0.3740 -1.4242 -10.3663 -0.3084 -1.4235 -10.3545 -0.2433 -1.4230 -10.3804 -0.1787 -1.4213 -10.3668 -0.1141 -1.4220 -10.3499 -0.0513 -1.4232 -10.3215 0.0140 -1.4252 -10.3332 0.0771 -1.4229 -10.3581 0.1353 -1.4164 -10.4187 0.2010 -1.4154 -10.4220 0.2632 -1.4111 -10.3804 0.3286 -1.4090 -10.3584 0.3949 -1.4096 -10.3530 0.4603 -1.4094 -10.3616 0.5244 -1.4098 -10.3866 0.5902 -1.4117 -10.3751 0.6554 -1.4104 -10.3898 0.7215 -1.4108 -10.3931 0.7876 -1.4105 -10.3869 0.8535 -1.4094 -10.3949 0.9195 -1.4099 -10.3827 0.9856 -1.4097 -10.3997 1.0516 -1.4102 -10.3848 1.1178 -1.4110 -10.3862 1.1839 -1.4120 -10.3800 1.2502 -1.4130 -10.3790 1.3165 -1.4140 -10.3896 1.3828 -1.4151 -10.3797 1.4491 -1.4157 -10.3993 1.5154 -1.4161 -10.3938 1.5819 -1.4164 -10.3974 1.6484 -1.4163 -10.3974 1.7148 -1.4163 -10.3939 1.7812 -1.4163 -10.3846 1.8476 -1.4157 -10.3821 1.9141 -1.4148 -10.3851 1.9807 -1.4133 -10.3869 -1.9520 -1.3834 -10.3872 -1.8852 -1.3841 -10.3965 -1.8186 -1.3845 -10.3796 -1.7519 -1.3844 -10.3814 -1.6853 -1.3838 -10.3653 -1.6188 -1.3831 -10.3766 -1.5524 -1.3824 -10.3832 -1.4862 -1.3820 -10.3656 -1.4196 -1.3817 -10.3735 -1.3532 -1.3809 -10.3724 -1.2872 -1.3806 -10.3596 -1.2206 -1.3783 -10.3733 -1.1542 -1.3782 -10.3621 -1.0878 -1.3757 -10.3725 -1.0243 -1.3743 -10.3490 -0.9573 -1.3745 -10.3421 -0.8908 -1.3731 -10.3500 -0.8249 -1.3716 -10.3626 -0.7595 -1.3695 -10.3788 -0.6932 -1.3677 -10.3933 -0.6290 -1.3664 -10.3772 -0.5643 -1.3659 -10.3579 -0.4997 -1.3665 -10.3431 -0.4382 -1.3596 -10.3674 -0.3724 -1.3583 -10.3771 -0.3072 -1.3573 -10.3652 -0.2414 -1.3570 -10.3597 -0.1760 -1.3555 -10.3781 -0.1119 -1.3558 -10.3611 -0.0478 -1.3576 -10.3424 0.0167 -1.3591 -10.3297 0.0806 -1.3578 -10.3470 0.1432 -1.3541 -10.3733 0.2012 -1.3489 -10.4294 0.2625 -1.3447 -10.3880 0.3279 -1.3423 -10.3660 0.3937 -1.3429 -10.3492 0.4593 -1.3429 -10.3584 0.5242 -1.3436 -10.3718 0.5901 -1.3451 -10.3813 0.6565 -1.3442 -10.3781 0.7211 -1.3441 -10.4008 0.7870 -1.3436 -10.3841 0.8532 -1.3430 -10.3830 0.9184 -1.3431 -10.4050 0.9844 -1.3431 -10.3891 1.0505 -1.3435 -10.3866 1.1166 -1.3443 -10.3794 1.1827 -1.3454 -10.3774 1.2490 -1.3465 -10.3875 1.3153 -1.3476 -10.3770 1.3814 -1.3488 -10.4030 1.4477 -1.3493 -10.3963 1.5140 -1.3498 -10.4051 1.5805 -1.3500 -10.4042 1.6469 -1.3500 -10.3989 1.7133 -1.3500 -10.3832 1.7796 -1.3499 -10.3792 1.8459 -1.3492 -10.3837 1.9124 -1.3482 -10.3852 1.9790 -1.3466 -10.3865 -1.9513 -1.3166 -10.3778 -1.8846 -1.3176 -10.3809 -1.8178 -1.3182 -10.4151 -1.7512 -1.3182 -10.3751 -1.6846 -1.3175 -10.3781 -1.6182 -1.3167 -10.3659 -1.5518 -1.3158 -10.3747 -1.4853 -1.3155 -10.3736 -1.4190 -1.3155 -10.3653 -1.3525 -1.3143 -10.3707 -1.2858 -1.3141 -10.3683 -1.2210 -1.3141 -10.3514 -1.1548 -1.3107 -10.3665 -1.0884 -1.3100 -10.3602 -1.0220 -1.3082 -10.3628 -0.9576 -1.3075 -10.3404 -0.8913 -1.3064 -10.3449 -0.8246 -1.3055 -10.3512 -0.7586 -1.3039 -10.3630 -0.6932 -1.3013 -10.3760 -0.6267 -1.3003 -10.3858 -0.5610 -1.3004 -10.3757 -0.4956 -1.3013 -10.3579 -0.4332 -1.3006 -10.3351 -0.3713 -1.2938 -10.3589 -0.3063 -1.2907 -10.3740 -0.2416 -1.2907 -10.3560 -0.1759 -1.2890 -10.3689 -0.1126 -1.2907 -10.3482 -0.0487 -1.2924 -10.3284 0.0170 -1.2937 -10.3153 0.0821 -1.2909 -10.3380 0.1386 -1.2867 -10.3746 0.1978 -1.2799 -10.4090 0.2658 -1.2772 -10.3961 0.3328 -1.2772 -10.3824 0.3930 -1.2758 -10.3540 0.4593 -1.2771 -10.3487 0.5251 -1.2790 -10.3547 0.5883 -1.2786 -10.3757 0.6537 -1.2784 -10.3941 0.7197 -1.2777 -10.3901 0.7858 -1.2769 -10.3851 0.8511 -1.2770 -10.4058 0.9169 -1.2767 -10.3935 0.9831 -1.2763 -10.3861 1.0492 -1.2768 -10.3790 1.1153 -1.2777 -10.3766 1.1815 -1.2789 -10.3884 1.2477 -1.2799 -10.3768 1.3137 -1.2815 -10.4035 1.3800 -1.2823 -10.3973 1.4463 -1.2830 -10.4106 1.5126 -1.2834 -10.4156 1.5789 -1.2836 -10.4038 1.6451 -1.2839 -10.3809 1.7114 -1.2839 -10.3727 1.7776 -1.2835 -10.3796 1.8440 -1.2828 -10.3800 1.9105 -1.2816 -10.3822 1.9771 -1.2799 -10.3856 -1.9495 -1.2499 -10.3828 -1.8830 -1.2512 -10.3737 -1.8165 -1.2521 -10.3714 -1.7503 -1.2521 -10.4336 -1.6840 -1.2512 -10.3745 -1.6177 -1.2503 -10.3744 -1.5515 -1.2496 -10.3646 -1.4849 -1.2489 -10.3721 -1.4187 -1.2493 -10.3599 -1.3523 -1.2496 -10.3543 -1.2858 -1.2484 -10.3578 -1.2192 -1.2476 -10.3576 -1.1538 -1.2462 -10.3414 -1.0886 -1.2429 -10.3687 -1.0225 -1.2416 -10.3580 -0.9559 -1.2410 -10.3551 -0.8907 -1.2402 -10.3361 -0.8251 -1.2385 -10.3463 -0.7581 -1.2384 -10.3481 -0.6919 -1.2367 -10.3595 -0.6268 -1.2339 -10.3735 -0.5600 -1.2336 -10.3787 -0.4952 -1.2337 -10.3633 -0.4332 -1.2332 -10.3382 -0.3667 -1.2334 -10.3300 -0.3060 -1.2263 -10.3561 -0.2401 -1.2235 -10.3599 -0.1738 -1.2233 -10.3565 -0.1073 -1.2253 -10.3607 -0.0480 -1.2258 -10.3306 0.0158 -1.2273 -10.3072 0.0811 -1.2252 -10.3303 0.1383 -1.2199 -10.3654 0.1978 -1.2132 -10.3952 0.2631 -1.2123 -10.3781 0.3295 -1.2107 -10.3764 0.3957 -1.2121 -10.3744 0.4580 -1.2103 -10.3514 0.5233 -1.2129 -10.3613 0.5894 -1.2130 -10.3616 0.6518 -1.2119 -10.3918 0.7179 -1.2111 -10.3926 0.7837 -1.2104 -10.4013 0.8498 -1.2101 -10.4001 0.9161 -1.2096 -10.3883 0.9816 -1.2098 -10.3736 1.0477 -1.2101 -10.3778 1.1138 -1.2112 -10.3872 1.1801 -1.2123 -10.3763 1.2460 -1.2139 -10.4042 1.3122 -1.2150 -10.3949 1.3784 -1.2160 -10.4114 1.4448 -1.2166 -10.4242 1.5110 -1.2171 -10.4100 1.5769 -1.2178 -10.3784 1.6430 -1.2179 -10.3640 1.7093 -1.2176 -10.3702 1.7756 -1.2172 -10.3745 1.8420 -1.2164 -10.3722 1.9084 -1.2151 -10.3751 1.9748 -1.2131 -10.3814 -1.9471 -1.1834 -10.3822 -1.8806 -1.1849 -10.3807 -1.8140 -1.1860 -10.3702 -1.7475 -1.1869 -10.3613 -1.6823 -1.1854 -10.4414 -1.6172 -1.1839 -10.3758 -1.5508 -1.1829 -10.3716 -1.4849 -1.1829 -10.3597 -1.4182 -1.1827 -10.3623 -1.3513 -1.1829 -10.3555 -1.2854 -1.1822 -10.3458 -1.2189 -1.1810 -10.3584 -1.1527 -1.1796 -10.3521 -1.0866 -1.1785 -10.3395 -1.0215 -1.1751 -10.3662 -0.9556 -1.1743 -10.3547 -0.8894 -1.1734 -10.3488 -0.8238 -1.1729 -10.3332 -0.7585 -1.1711 -10.3442 -0.6917 -1.1712 -10.3438 -0.6243 -1.1715 -10.3498 -0.5588 -1.1690 -10.3616 -0.4929 -1.1669 -10.3692 -0.4300 -1.1670 -10.3477 -0.3666 -1.1668 -10.3242 -0.3009 -1.1639 -10.3333 -0.2406 -1.1571 -10.3598 -0.1746 -1.1562 -10.3553 -0.1082 -1.1586 -10.3571 -0.0433 -1.1604 -10.3448 0.0167 -1.1612 -10.3126 0.0833 -1.1605 -10.3128 0.1398 -1.1527 -10.3470 0.1972 -1.1460 -10.3812 0.2630 -1.1450 -10.3734 0.3282 -1.1457 -10.3604 0.3928 -1.1455 -10.3756 0.4587 -1.1463 -10.3714 0.5223 -1.1470 -10.3520 0.5883 -1.1463 -10.3606 0.6500 -1.1454 -10.3925 0.7163 -1.1442 -10.3968 0.7823 -1.1436 -10.4014 0.8486 -1.1436 -10.3796 0.9148 -1.1426 -10.3818 0.9806 -1.1428 -10.3734 1.0465 -1.1436 -10.3872 1.1125 -1.1443 -10.3770 1.1783 -1.1463 -10.4011 1.2443 -1.1474 -10.3919 1.3105 -1.1488 -10.4112 1.3768 -1.1497 -10.4263 1.4427 -1.1506 -10.4112 1.5083 -1.1517 -10.3734 1.5744 -1.1521 -10.3547 1.6407 -1.1519 -10.3585 1.7070 -1.1515 -10.3649 1.7733 -1.1510 -10.3640 1.8399 -1.1502 -10.3527 1.9062 -1.1485 -10.3687 1.9725 -1.1463 -10.3827 -1.9446 -1.1171 -10.3689 -1.8779 -1.1187 -10.3765 -1.8112 -1.1199 -10.3818 -1.7448 -1.1209 -10.3705 -1.6783 -1.1225 -10.3525 -1.6137 -1.1179 -10.4402 -1.5506 -1.1160 -10.3790 -1.4841 -1.1163 -10.3696 -1.4177 -1.1164 -10.3572 -1.3511 -1.1162 -10.3565 -1.2847 -1.1157 -10.3465 -1.2183 -1.1147 -10.3456 -1.1517 -1.1132 -10.3572 -1.0860 -1.1117 -10.3468 -1.0196 -1.1104 -10.3379 -0.9539 -1.1078 -10.3627 -0.8881 -1.1065 -10.3507 -0.8217 -1.1064 -10.3428 -0.7567 -1.1053 -10.3296 -0.6912 -1.1044 -10.3404 -0.6248 -1.1044 -10.3433 -0.5581 -1.1041 -10.3430 -0.4950 -1.0997 -10.3648 -0.4315 -1.0990 -10.3421 -0.3663 -1.1013 -10.3372 -0.3013 -1.0978 -10.3338 -0.2396 -1.0906 -10.3542 -0.1737 -1.0891 -10.3568 -0.1078 -1.0905 -10.3518 -0.0423 -1.0917 -10.3426 0.0145 -1.0950 -10.3096 0.0801 -1.0943 -10.3084 0.1327 -1.0859 -10.3484 0.1950 -1.0794 -10.3727 0.2616 -1.0779 -10.3678 0.3278 -1.0787 -10.3609 0.3920 -1.0787 -10.3796 0.4578 -1.0796 -10.3699 0.5222 -1.0804 -10.3526 0.5888 -1.0790 -10.3605 0.6487 -1.0783 -10.4002 0.7150 -1.0775 -10.3953 0.7819 -1.0768 -10.3831 0.8475 -1.0769 -10.3691 0.9136 -1.0762 -10.3697 0.9788 -1.0763 -10.3849 1.0449 -1.0766 -10.3770 1.1105 -1.0788 -10.4023 1.1764 -1.0797 -10.3942 1.2426 -1.0812 -10.4095 1.3090 -1.0823 -10.4283 1.3746 -1.0839 -10.4092 1.4398 -1.0855 -10.3693 1.5056 -1.0862 -10.3453 1.5719 -1.0861 -10.3490 1.6382 -1.0859 -10.3536 1.7045 -1.0855 -10.3564 1.7713 -1.0853 -10.3253 1.8370 -1.0839 -10.3626 1.9032 -1.0820 -10.3858 1.9697 -1.0796 -10.3847 -1.9416 -1.0514 -10.4034 -1.8756 -1.0525 -10.3766 -1.8087 -1.0539 -10.3901 -1.7419 -1.0549 -10.3891 -1.6754 -1.0557 -10.3779 -1.6088 -1.0573 -10.3474 -1.5460 -1.0519 -10.4401 -1.4822 -1.0502 -10.3815 -1.4161 -1.0503 -10.3695 -1.3499 -1.0499 -10.3583 -1.2837 -1.0491 -10.3535 -1.2177 -1.0483 -10.3389 -1.1514 -1.0474 -10.3358 -1.0850 -1.0454 -10.3518 -1.0191 -1.0436 -10.3470 -0.9530 -1.0419 -10.3401 -0.8865 -1.0396 -10.3578 -0.8221 -1.0385 -10.3423 -0.7560 -1.0383 -10.3319 -0.6902 -1.0376 -10.3380 -0.6241 -1.0377 -10.3375 -0.5588 -1.0374 -10.3463 -0.4929 -1.0346 -10.3464 -0.4269 -1.0327 -10.3470 -0.3607 -1.0348 -10.3384 -0.3030 -1.0378 -10.3046 -0.2390 -1.0302 -10.3251 -0.1728 -1.0258 -10.3347 -0.1079 -1.0319 -10.3188 -0.0425 -1.0254 -10.3310 0.0120 -1.0287 -10.2919 0.0792 -1.0284 -10.2917 0.1323 -1.0211 -10.3319 0.1934 -1.0139 -10.3585 0.2608 -1.0110 -10.3563 0.3271 -1.0122 -10.3668 0.3931 -1.0116 -10.3767 0.4602 -1.0126 -10.3758 0.5216 -1.0138 -10.3481 0.5843 -1.0129 -10.3745 0.6484 -1.0113 -10.3950 0.7125 -1.0133 -10.3692 0.7793 -1.0113 -10.3662 0.8456 -1.0100 -10.3688 0.9114 -1.0093 -10.3786 0.9776 -1.0095 -10.3766 1.0419 -1.0109 -10.4016 1.1080 -1.0122 -10.3945 1.1744 -1.0136 -10.4106 1.2411 -1.0148 -10.4290 1.3064 -1.0167 -10.4095 1.3711 -1.0191 -10.3672 1.4367 -1.0202 -10.3398 1.5029 -1.0201 -10.3433 1.5691 -1.0201 -10.3457 1.6354 -1.0198 -10.3538 1.7022 -1.0201 -10.3116 1.7675 -1.0192 -10.3644 1.8334 -1.0178 -10.3956 1.8998 -1.0157 -10.4013 1.9663 -1.0129 -10.3895 -1.9401 -0.9849 -10.3920 -1.8735 -0.9864 -10.3938 -1.8073 -0.9877 -10.3783 -1.7400 -0.9887 -10.4047 -1.6739 -0.9894 -10.3912 -1.6076 -0.9898 -10.3890 -1.5403 -0.9900 -10.3395 -1.4768 -0.9855 -10.4396 -1.4139 -0.9844 -10.3827 -1.3483 -0.9832 -10.3698 -1.2823 -0.9828 -10.3551 -1.2160 -0.9821 -10.3528 -1.1508 -0.9808 -10.3329 -1.0843 -0.9797 -10.3334 -1.0181 -0.9770 -10.3467 -0.9517 -0.9752 -10.3475 -0.8860 -0.9745 -10.3384 -0.8198 -0.9718 -10.3471 -0.7539 -0.9716 -10.3392 -0.6882 -0.9710 -10.3312 -0.6222 -0.9711 -10.3378 -0.5556 -0.9717 -10.3366 -0.4947 -0.9787 -10.3093 -0.4287 -0.9723 -10.3180 -0.3618 -0.9715 -10.3167 -0.2955 -0.9716 -10.3077 -0.2342 -0.9795 -10.2808 -0.1673 -0.9794 -10.2855 -0.1029 -0.9676 -10.3011 -0.0370 -0.9747 -10.2861 0.0279 -0.9658 -10.3070 0.0833 -0.9662 -10.2677 0.1512 -0.9755 -10.2820 0.2137 -0.9742 -10.3066 0.2663 -0.9452 -10.3384 0.3321 -0.9536 -10.3352 0.3952 -0.9477 -10.3554 0.4580 -0.9597 -10.3349 0.5176 -0.9477 -10.3634 0.5795 -0.9474 -10.3889 0.6451 -0.9471 -10.3690 0.7114 -0.9462 -10.3676 0.7777 -0.9444 -10.3648 0.8434 -0.9431 -10.3730 0.9094 -0.9424 -10.3770 0.9745 -0.9432 -10.3964 1.0406 -0.9441 -10.3955 1.1064 -0.9458 -10.4142 1.1732 -0.9469 -10.4255 1.2387 -0.9492 -10.4082 1.3017 -0.9533 -10.3637 1.3672 -0.9549 -10.3343 1.4336 -0.9541 -10.3402 1.4999 -0.9541 -10.3403 1.5662 -0.9538 -10.3522 1.6328 -0.9542 -10.3129 1.6978 -0.9543 -10.3717 1.7631 -0.9539 -10.4060 1.8292 -0.9522 -10.4239 1.8961 -0.9495 -10.3804 1.9624 -0.9463 -10.3858 -1.9382 -0.9185 -10.3859 -1.8714 -0.9201 -10.3926 -1.8049 -0.9216 -10.3877 -1.7387 -0.9229 -10.3792 -1.6718 -0.9235 -10.4091 -1.6056 -0.9237 -10.4032 -1.5392 -0.9246 -10.4029 -1.4746 -0.9219 -10.3400 -1.4078 -0.9204 -10.4383 -1.3447 -0.9179 -10.3888 -1.2788 -0.9178 -10.3817 -1.2138 -0.9159 -10.3535 -1.1476 -0.9156 -10.3525 -1.0841 -0.9132 -10.3268 -1.0176 -0.9106 -10.3367 -0.9507 -0.9100 -10.3337 -0.8847 -0.9075 -10.3398 -0.8188 -0.9054 -10.3387 -0.7527 -0.9046 -10.3339 -0.6865 -0.9041 -10.3351 -0.6201 -0.9037 -10.3344 -0.5566 -0.9077 -10.3125 -0.4905 -0.9121 -10.3036 -0.4297 -0.9184 -10.2776 -0.3640 -0.9116 -10.2872 -0.3012 -0.9184 -10.2668 -0.2367 -0.9132 -10.2857 -0.1735 -0.9159 -10.2628 -0.1064 -0.9099 -10.2670 -0.0481 -0.9104 -10.3020 0.0174 -0.9013 -10.2858 0.0766 -0.9174 -10.3192 0.1414 -0.9128 -10.3007 0.2077 -0.9104 -10.2861 0.2749 -0.9114 -10.2807 0.3415 -0.9121 -10.2837 0.4052 -0.9098 -10.3011 0.4664 -0.8961 -10.3202 0.5310 -0.8976 -10.3207 0.5771 -0.8823 -10.3661 0.6437 -0.8800 -10.3687 0.7100 -0.8793 -10.3665 0.7762 -0.8773 -10.3668 0.8421 -0.8758 -10.3738 0.9065 -0.8755 -10.3914 0.9725 -0.8762 -10.3951 1.0384 -0.8777 -10.4105 1.1048 -0.8792 -10.4186 1.1699 -0.8820 -10.4040 1.2338 -0.8861 -10.3640 1.2980 -0.8892 -10.3336 1.3644 -0.8886 -10.3373 1.4309 -0.8879 -10.3356 1.4969 -0.8877 -10.3487 1.5636 -0.8881 -10.3178 1.6277 -0.8896 -10.3803 1.6929 -0.8896 -10.4132 1.7587 -0.8887 -10.4421 1.8258 -0.8857 -10.3704 1.8921 -0.8833 -10.3931 1.9585 -0.8799 -10.4110 -1.9355 -0.8521 -10.4081 -1.8693 -0.8540 -10.3784 -1.8020 -0.8556 -10.3993 -1.7358 -0.8570 -10.3837 -1.6692 -0.8575 -10.3919 -1.6039 -0.8581 -10.4244 -1.5370 -0.8591 -10.4192 -1.4707 -0.8590 -10.4114 -1.4076 -0.8536 -10.3486 -1.3405 -0.8539 -10.4252 -1.2745 -0.8537 -10.4105 -1.2093 -0.8521 -10.3861 -1.1457 -0.8492 -10.3544 -1.0796 -0.8483 -10.3471 -1.0173 -0.8450 -10.3231 -0.9509 -0.8430 -10.3320 -0.8841 -0.8409 -10.3365 -0.8180 -0.8386 -10.3344 -0.7518 -0.8374 -10.3332 -0.6857 -0.8374 -10.3247 -0.6195 -0.8386 -10.3145 -0.5530 -0.8407 -10.3089 -0.5032 -0.8571 -10.2668 -0.4372 -0.8520 -10.2807 -0.3734 -0.8523 -10.2590 -0.3105 -0.8543 -10.2822 -0.2458 -0.8503 -10.2644 -0.1815 -0.8523 -10.2829 -0.1169 -0.8513 -10.2984 -0.0526 -0.8450 -10.3148 0.0137 -0.8460 -10.3229 0.0802 -0.8509 -10.3143 0.1469 -0.8510 -10.3228 0.2135 -0.8518 -10.3165 0.2795 -0.8503 -10.3065 0.3458 -0.8471 -10.2968 0.4131 -0.8448 -10.2911 0.4570 -0.8351 -10.3428 0.5158 -0.8328 -10.3106 0.5776 -0.8225 -10.3367 0.6439 -0.8170 -10.3439 0.7071 -0.8123 -10.3655 0.7737 -0.8103 -10.3698 0.8401 -0.8084 -10.3760 0.9047 -0.8083 -10.3911 0.9712 -0.8091 -10.4003 1.0369 -0.8107 -10.4116 1.1025 -0.8132 -10.3987 1.1633 -0.8205 -10.3616 1.2286 -0.8230 -10.3380 1.2951 -0.8226 -10.3369 1.3615 -0.8226 -10.3350 1.4278 -0.8213 -10.3481 1.4945 -0.8217 -10.3256 1.5579 -0.8243 -10.3809 1.6229 -0.8249 -10.4199 1.6885 -0.8246 -10.4471 1.7552 -0.8222 -10.3593 1.8214 -0.8200 -10.3871 1.8876 -0.8173 -10.4442 1.9542 -0.8134 -10.3697 -1.9328 -0.7863 -10.3640 -1.8658 -0.7877 -10.4080 -1.8005 -0.7897 -10.3705 -1.7326 -0.7911 -10.4091 -1.6664 -0.7916 -10.3847 -1.6000 -0.7927 -10.3996 -1.5351 -0.7923 -10.4322 -1.4687 -0.7926 -10.4253 -1.4023 -0.7914 -10.4138 -1.3385 -0.7877 -10.3715 -1.2720 -0.7877 -10.4018 -1.2061 -0.7862 -10.4081 -1.1408 -0.7848 -10.3876 -1.0793 -0.7815 -10.3558 -1.0169 -0.7784 -10.3303 -0.9507 -0.7766 -10.3282 -0.8840 -0.7744 -10.3283 -0.8180 -0.7714 -10.3380 -0.7519 -0.7702 -10.3262 -0.6852 -0.7701 -10.3187 -0.6182 -0.7715 -10.3168 -0.5780 -0.7943 -10.2677 -0.5110 -0.7916 -10.2746 -0.4448 -0.7879 -10.2632 -0.3813 -0.7911 -10.2866 -0.3147 -0.7885 -10.2898 -0.2486 -0.7869 -10.2864 -0.1821 -0.7853 -10.2831 -0.1163 -0.7848 -10.2919 -0.0498 -0.7817 -10.2945 0.0163 -0.7825 -10.3012 0.0820 -0.7844 -10.3095 0.1481 -0.7851 -10.3147 0.2143 -0.7854 -10.3168 0.2803 -0.7839 -10.3101 0.3467 -0.7838 -10.3176 0.4137 -0.7826 -10.3166 0.4809 -0.7796 -10.3150 0.5422 -0.7805 -10.3428 0.5940 -0.7703 -10.2999 0.6404 -0.7504 -10.3440 0.7068 -0.7462 -10.3523 0.7715 -0.7432 -10.3700 0.8376 -0.7410 -10.3799 0.9036 -0.7409 -10.3901 0.9689 -0.7420 -10.4025 1.0349 -0.7449 -10.3941 1.0957 -0.7523 -10.3587 1.1594 -0.7570 -10.3387 1.2261 -0.7572 -10.3320 1.2930 -0.7573 -10.3234 1.3578 -0.7558 -10.3497 1.4242 -0.7549 -10.3503 1.4871 -0.7596 -10.3846 1.5520 -0.7608 -10.4231 1.6181 -0.7596 -10.4395 1.6842 -0.7580 -10.3408 1.7502 -0.7567 -10.3798 1.8165 -0.7544 -10.4525 1.8830 -0.7511 -10.3602 1.9495 -0.7471 -10.3854 -1.9292 -0.7200 -10.3811 -1.8635 -0.7229 -10.3368 -1.7956 -0.7238 -10.3984 -1.7305 -0.7256 -10.3617 -1.6642 -0.7259 -10.4123 -1.5975 -0.7265 -10.3892 -1.5320 -0.7261 -10.4071 -1.4661 -0.7264 -10.4350 -1.4003 -0.7255 -10.4255 -1.3347 -0.7233 -10.4118 -1.2687 -0.7220 -10.4092 -1.2029 -0.7200 -10.4041 -1.1365 -0.7196 -10.4040 -1.0804 -0.7140 -10.3656 -1.0136 -0.7136 -10.3559 -0.9520 -0.7100 -10.3265 -0.8854 -0.7079 -10.3324 -0.8189 -0.7040 -10.3371 -0.7524 -0.7027 -10.3239 -0.6856 -0.7029 -10.3243 -0.6477 -0.7278 -10.2752 -0.5811 -0.7285 -10.2847 -0.5144 -0.7256 -10.2841 -0.4481 -0.7253 -10.2884 -0.3816 -0.7244 -10.2907 -0.3154 -0.7220 -10.2857 -0.2487 -0.7203 -10.2906 -0.1825 -0.7207 -10.3005 -0.1200 -0.7264 -10.3247 -0.0532 -0.7259 -10.3309 0.0135 -0.7251 -10.3351 0.0804 -0.7240 -10.3378 0.1473 -0.7232 -10.3393 0.2143 -0.7220 -10.3371 0.2791 -0.7177 -10.3205 0.3457 -0.7172 -10.3212 0.4121 -0.7155 -10.3183 0.4778 -0.7141 -10.3280 0.5423 -0.7135 -10.3453 0.6063 -0.7103 -10.3258 0.6693 -0.7064 -10.3031 0.7049 -0.6792 -10.3529 0.7708 -0.6760 -10.3639 0.8355 -0.6733 -10.3801 0.9007 -0.6730 -10.3921 0.9662 -0.6771 -10.3853 1.0296 -0.6830 -10.3618 1.0910 -0.6895 -10.3373 1.1575 -0.6911 -10.3286 1.2239 -0.6918 -10.3193 1.2885 -0.6904 -10.3478 1.3543 -0.6891 -10.3596 1.4158 -0.6940 -10.3856 1.4821 -0.6960 -10.4220 1.5481 -0.6948 -10.4279 1.6135 -0.6934 -10.3302 1.6792 -0.6925 -10.3759 1.7452 -0.6915 -10.4515 1.8111 -0.6888 -10.3637 1.8773 -0.6853 -10.3855 1.9436 -0.6812 -10.3731 -1.9249 -0.6540 -10.3788 -1.8584 -0.6569 -10.3784 -1.7944 -0.6585 -10.3062 -1.7266 -0.6599 -10.3555 -1.6604 -0.6608 -10.3550 -1.5954 -0.6603 -10.4013 -1.5288 -0.6599 -10.3827 -1.4635 -0.6598 -10.4064 -1.3975 -0.6595 -10.4295 -1.3316 -0.6583 -10.4275 -1.2658 -0.6577 -10.4310 -1.1998 -0.6557 -10.4212 -1.1340 -0.6537 -10.4144 -1.0798 -0.6473 -10.3754 -1.0124 -0.6473 -10.3715 -0.9512 -0.6440 -10.3448 -0.8866 -0.6410 -10.3322 -0.8207 -0.6363 -10.3285 -0.7546 -0.6354 -10.3309 -0.7141 -0.6580 -10.2822 -0.6490 -0.6637 -10.2966 -0.5822 -0.6625 -10.2957 -0.5160 -0.6609 -10.3004 -0.4494 -0.6587 -10.2952 -0.3828 -0.6577 -10.2956 -0.3167 -0.6576 -10.3039 -0.2536 -0.6632 -10.3251 -0.1875 -0.6621 -10.3324 -0.1216 -0.6617 -10.3530 -0.0537 -0.6594 -10.3317 0.0128 -0.6585 -10.3346 0.0795 -0.6576 -10.3327 0.1462 -0.6566 -10.3355 0.2126 -0.6558 -10.3434 0.2793 -0.6553 -10.3438 0.3460 -0.6546 -10.3441 0.4113 -0.6495 -10.3298 0.4780 -0.6475 -10.3260 0.5447 -0.6477 -10.3341 0.6106 -0.6476 -10.3479 0.6759 -0.6467 -10.3324 0.7391 -0.6382 -10.3123 0.7695 -0.6083 -10.3634 0.8342 -0.6051 -10.3780 0.9001 -0.6057 -10.3863 0.9632 -0.6124 -10.3658 1.0230 -0.6213 -10.3378 1.0894 -0.6233 -10.3276 1.1554 -0.6255 -10.3173 1.2209 -0.6237 -10.3418 1.2863 -0.6227 -10.3577 1.3463 -0.6289 -10.3871 1.4131 -0.6287 -10.4124 1.4796 -0.6294 -10.4077 1.5425 -0.6287 -10.3158 1.6075 -0.6286 -10.3696 1.6739 -0.6283 -10.4421 1.7384 -0.6266 -10.3765 1.8045 -0.6233 -10.3861 1.8708 -0.6198 -10.3515 1.9371 -0.6156 -10.3466 -1.9210 -0.5889 -10.3297 -1.8538 -0.5912 -10.3631 -1.7870 -0.5928 -10.3711 -1.7238 -0.5950 -10.2955 -1.6571 -0.5950 -10.3329 -1.5908 -0.5954 -10.3520 -1.5270 -0.5936 -10.3951 -1.4605 -0.5934 -10.3899 -1.3945 -0.5926 -10.4078 -1.3287 -0.5924 -10.4263 -1.2629 -0.5917 -10.4352 -1.1967 -0.5914 -10.4403 -1.1349 -0.5863 -10.4160 -1.0701 -0.5853 -10.4001 -1.0131 -0.5801 -10.3647 -0.9465 -0.5779 -10.3576 -0.8916 -0.5748 -10.3195 -0.8264 -0.5685 -10.3349 -0.7750 -0.5816 -10.2934 -0.7152 -0.5996 -10.3153 -0.6486 -0.5996 -10.3171 -0.5823 -0.5972 -10.3097 -0.5167 -0.5940 -10.3008 -0.4507 -0.5925 -10.3081 -0.3874 -0.5991 -10.3276 -0.3211 -0.5977 -10.3331 -0.2547 -0.5967 -10.3326 -0.1881 -0.5954 -10.3324 -0.1216 -0.5943 -10.3318 -0.0549 -0.5928 -10.3320 0.0117 -0.5919 -10.3348 0.0783 -0.5910 -10.3364 0.1451 -0.5900 -10.3373 0.2117 -0.5893 -10.3415 0.2785 -0.5887 -10.3430 0.3448 -0.5881 -10.3504 0.4115 -0.5877 -10.3549 0.4783 -0.5868 -10.3537 0.5438 -0.5811 -10.3405 0.6104 -0.5812 -10.3454 0.6770 -0.5828 -10.3511 0.7438 -0.5822 -10.3484 0.8040 -0.5639 -10.3257 0.8320 -0.5362 -10.3797 0.8975 -0.5407 -10.3681 0.9569 -0.5515 -10.3394 1.0224 -0.5555 -10.3251 1.0883 -0.5579 -10.3146 1.1535 -0.5571 -10.3376 1.2196 -0.5561 -10.3531 1.2762 -0.5645 -10.3900 1.3446 -0.5624 -10.3982 1.4134 -0.5586 -10.3894 1.4713 -0.5656 -10.3194 1.5358 -0.5655 -10.3603 1.6016 -0.5653 -10.4263 1.6641 -0.5661 -10.3828 1.7308 -0.5614 -10.3821 1.7974 -0.5581 -10.3524 1.8638 -0.5546 -10.3689 1.9294 -0.5515 -10.4304 -1.9165 -0.5233 -10.3686 -1.8507 -0.5257 -10.3398 -1.7834 -0.5270 -10.3593 -1.7169 -0.5281 -10.3593 -1.6527 -0.5315 -10.2932 -1.5869 -0.5304 -10.3223 -1.5212 -0.5307 -10.3460 -1.4571 -0.5275 -10.3858 -1.3913 -0.5265 -10.3960 -1.3256 -0.5254 -10.4108 -1.2589 -0.5265 -10.4138 -1.1943 -0.5240 -10.4301 -1.1282 -0.5236 -10.4391 -1.0665 -0.5205 -10.4152 -1.0117 -0.5142 -10.3776 -0.9482 -0.5103 -10.3585 -0.8987 -0.5079 -10.3140 -0.8312 -0.5033 -10.3136 -0.7793 -0.5325 -10.3401 -0.7142 -0.5347 -10.3304 -0.6488 -0.5327 -10.3230 -0.5840 -0.5303 -10.3102 -0.5172 -0.5286 -10.3154 -0.4552 -0.5337 -10.3414 -0.3894 -0.5324 -10.3313 -0.3227 -0.5309 -10.3321 -0.2564 -0.5301 -10.3361 -0.1897 -0.5288 -10.3332 -0.1230 -0.5276 -10.3328 -0.0563 -0.5263 -10.3332 0.0104 -0.5253 -10.3352 0.0771 -0.5243 -10.3368 0.1439 -0.5234 -10.3393 0.2107 -0.5227 -10.3431 0.2773 -0.5221 -10.3475 0.3439 -0.5214 -10.3530 0.4106 -0.5209 -10.3566 0.4774 -0.5202 -10.3604 0.5440 -0.5197 -10.3663 0.6103 -0.5156 -10.3571 0.6770 -0.5172 -10.3633 0.7436 -0.5187 -10.3698 0.8109 -0.5202 -10.3739 0.8331 -0.4676 -10.3663 0.8914 -0.4813 -10.3370 0.9554 -0.4882 -10.3177 1.0220 -0.4894 -10.3140 1.0854 -0.4913 -10.3356 1.1517 -0.4901 -10.3507 1.2074 -0.4996 -10.3891 1.2743 -0.4981 -10.4038 1.3404 -0.4964 -10.3959 1.4003 -0.5047 -10.3148 1.4652 -0.5007 -10.3530 1.5267 -0.5030 -10.4079 1.5902 -0.5047 -10.3844 1.6572 -0.5006 -10.3778 1.7242 -0.4962 -10.3622 1.7906 -0.4929 -10.3821 1.8561 -0.4906 -10.4279 1.9227 -0.4866 -10.4541 -1.9085 -0.4600 -10.4736 -1.8441 -0.4613 -10.3953 -1.7805 -0.4609 -10.3486 -1.7136 -0.4624 -10.3560 -1.6478 -0.4641 -10.3408 -1.5822 -0.4660 -10.2965 -1.5159 -0.4675 -10.3131 -1.4513 -0.4653 -10.3469 -1.3863 -0.4626 -10.3727 -1.3212 -0.4609 -10.3889 -1.2546 -0.4632 -10.3888 -1.1905 -0.4596 -10.4085 -1.1222 -0.4619 -10.4139 -1.0583 -0.4563 -10.4309 -0.9948 -0.4578 -10.4101 -0.9578 -0.4438 -10.3566 -0.8941 -0.4540 -10.3510 -0.8291 -0.4430 -10.3451 -0.7818 -0.4716 -10.3098 -0.7185 -0.4683 -10.3306 -0.6529 -0.4659 -10.3200 -0.5867 -0.4650 -10.3247 -0.5241 -0.4681 -10.3492 -0.4576 -0.4669 -10.3412 -0.3912 -0.4656 -10.3361 -0.3246 -0.4643 -10.3339 -0.2580 -0.4633 -10.3360 -0.1913 -0.4621 -10.3318 -0.1245 -0.4609 -10.3321 -0.0577 -0.4598 -10.3340 0.0090 -0.4587 -10.3357 0.0759 -0.4577 -10.3387 0.1426 -0.4569 -10.3420 0.2093 -0.4563 -10.3477 0.2760 -0.4556 -10.3514 0.3428 -0.4548 -10.3549 0.4095 -0.4544 -10.3601 0.4762 -0.4536 -10.3647 0.5428 -0.4528 -10.3695 0.6090 -0.4520 -10.3772 0.6754 -0.4511 -10.3693 0.7414 -0.4524 -10.3763 0.8075 -0.4510 -10.3651 0.8575 -0.4094 -10.3723 0.8897 -0.4177 -10.3137 0.9555 -0.4214 -10.3151 1.0175 -0.4259 -10.3345 1.0822 -0.4259 -10.3524 1.1381 -0.4357 -10.3900 1.2041 -0.4342 -10.4058 1.2697 -0.4329 -10.3928 1.3274 -0.4424 -10.3075 1.3940 -0.4374 -10.3497 1.4529 -0.4400 -10.3996 1.5176 -0.4413 -10.3820 1.5845 -0.4389 -10.3805 1.6514 -0.4350 -10.3720 1.7180 -0.4312 -10.3901 1.7838 -0.4285 -10.4232 1.8503 -0.4252 -10.4380 1.9155 -0.4225 -10.3590 -1.9035 -0.3951 -10.4980 -1.8374 -0.3969 -10.4696 -1.7742 -0.3963 -10.3979 -1.7090 -0.3967 -10.3593 -1.6419 -0.4002 -10.3654 -1.5755 -0.4031 -10.3466 -1.5115 -0.4017 -10.2999 -1.4448 -0.4034 -10.3053 -1.3817 -0.3984 -10.3489 -1.3162 -0.3977 -10.3662 -1.2497 -0.4002 -10.3656 -1.1834 -0.4002 -10.3775 -1.1200 -0.3948 -10.3971 -1.0534 -0.3940 -10.4073 -0.9876 -0.3912 -10.4124 -0.9247 -0.3932 -10.3889 -0.9102 -0.3940 -10.3242 -0.8483 -0.3961 -10.3000 -0.7893 -0.4058 -10.3296 -0.7228 -0.4020 -10.3331 -0.6566 -0.3997 -10.3281 -0.5926 -0.4017 -10.3464 -0.5262 -0.4013 -10.3460 -0.4597 -0.4002 -10.3429 -0.3932 -0.3990 -10.3398 -0.3266 -0.3978 -10.3381 -0.2597 -0.3967 -10.3360 -0.1930 -0.3956 -10.3348 -0.1262 -0.3944 -10.3339 -0.0592 -0.3932 -10.3351 0.0076 -0.3922 -10.3372 0.0745 -0.3911 -10.3410 0.1412 -0.3904 -10.3454 0.2081 -0.3898 -10.3508 0.2748 -0.3890 -10.3540 0.3417 -0.3881 -10.3560 0.4083 -0.3877 -10.3622 0.4750 -0.3870 -10.3687 0.5416 -0.3863 -10.3731 0.6084 -0.3855 -10.3761 0.6752 -0.3851 -10.3794 0.7420 -0.3855 -10.3816 0.8083 -0.3874 -10.3929 0.8357 -0.3497 -10.3457 0.8959 -0.3495 -10.3168 0.9419 -0.3721 -10.3590 1.0082 -0.3655 -10.3623 1.0653 -0.3766 -10.3963 1.1321 -0.3698 -10.4047 1.1949 -0.3721 -10.3825 1.2543 -0.3800 -10.3057 1.3203 -0.3767 -10.3491 1.3812 -0.3771 -10.3940 1.4460 -0.3778 -10.3757 1.5125 -0.3751 -10.3799 1.5792 -0.3731 -10.3756 1.6454 -0.3700 -10.3998 1.7119 -0.3664 -10.4248 1.7784 -0.3629 -10.4304 1.8440 -0.3608 -10.3710 1.9105 -0.3574 -10.3778 -1.9026 -0.3345 -10.2956 -1.8352 -0.3319 -10.4251 -1.7684 -0.3317 -10.4397 -1.7029 -0.3327 -10.3981 -1.6371 -0.3345 -10.3677 -1.5703 -0.3375 -10.3655 -1.5042 -0.3384 -10.3517 -1.4397 -0.3379 -10.3150 -1.3732 -0.3386 -10.3085 -1.3104 -0.3344 -10.3459 -1.2440 -0.3364 -10.3451 -1.1778 -0.3357 -10.3596 -1.1117 -0.3366 -10.3638 -1.0464 -0.3365 -10.3697 -0.9821 -0.3287 -10.3918 -0.9167 -0.3255 -10.3868 -0.9163 -0.3266 -10.3197 -0.8503 -0.3316 -10.3195 -0.7923 -0.3407 -10.3502 -0.7270 -0.3356 -10.3373 -0.6610 -0.3353 -10.3450 -0.5951 -0.3356 -10.3539 -0.5287 -0.3348 -10.3498 -0.4620 -0.3338 -10.3492 -0.3953 -0.3327 -10.3469 -0.3286 -0.3315 -10.3432 -0.2617 -0.3303 -10.3404 -0.1948 -0.3291 -10.3383 -0.1279 -0.3277 -10.3366 -0.0607 -0.3266 -10.3383 0.0061 -0.3258 -10.3424 0.0731 -0.3249 -10.3470 0.1399 -0.3240 -10.3505 0.2068 -0.3233 -10.3541 0.2736 -0.3224 -10.3563 0.3405 -0.3215 -10.3589 0.4073 -0.3210 -10.3644 0.4741 -0.3203 -10.3701 0.5409 -0.3197 -10.3747 0.6077 -0.3190 -10.3797 0.6748 -0.3184 -10.3806 0.7417 -0.3185 -10.3851 0.8087 -0.3190 -10.3881 0.8759 -0.3101 -10.3848 0.9110 -0.2845 -10.3346 0.9280 -0.3151 -10.3922 0.9926 -0.3099 -10.3953 1.0560 -0.3132 -10.3786 1.1217 -0.3100 -10.3727 1.1806 -0.3166 -10.3184 1.2449 -0.3153 -10.3517 1.3096 -0.3133 -10.3878 1.3756 -0.3137 -10.3694 1.4421 -0.3115 -10.3785 1.5086 -0.3088 -10.3751 1.5729 -0.3080 -10.4040 1.6396 -0.3044 -10.4174 1.7062 -0.3009 -10.4159 1.7727 -0.2983 -10.3799 1.8392 -0.2956 -10.3821 1.9057 -0.2924 -10.3866 -1.9023 -0.2717 -10.1816 -1.8337 -0.2739 -10.2523 -1.7659 -0.2681 -10.3782 -1.6990 -0.2667 -10.4094 -1.6322 -0.2687 -10.3900 -1.5664 -0.2714 -10.3695 -1.5000 -0.2722 -10.3624 -1.4338 -0.2726 -10.3525 -1.3689 -0.2733 -10.3297 -1.3033 -0.2719 -10.3230 -1.2370 -0.2725 -10.3286 -1.1700 -0.2728 -10.3398 -1.1033 -0.2736 -10.3442 -1.0372 -0.2729 -10.3534 -0.9682 -0.2762 -10.3505 -0.9137 -0.2554 -10.3845 -0.9175 -0.2579 -10.3212 -0.8625 -0.2754 -10.3539 -0.7959 -0.2736 -10.3592 -0.7305 -0.2698 -10.3475 -0.6647 -0.2700 -10.3573 -0.5980 -0.2691 -10.3552 -0.5312 -0.2683 -10.3540 -0.4643 -0.2674 -10.3531 -0.3975 -0.2662 -10.3502 -0.3306 -0.2651 -10.3468 -0.2637 -0.2638 -10.3443 -0.1966 -0.2626 -10.3432 -0.1295 -0.2615 -10.3444 -0.0624 -0.2608 -10.3483 0.0044 -0.2602 -10.3536 0.0716 -0.2591 -10.3572 0.1385 -0.2580 -10.3597 0.2055 -0.2569 -10.3613 0.2724 -0.2561 -10.3638 0.3394 -0.2553 -10.3659 0.4062 -0.2546 -10.3697 0.4731 -0.2537 -10.3729 0.5400 -0.2529 -10.3746 0.6068 -0.2522 -10.3777 0.6735 -0.2518 -10.3773 0.7386 -0.2518 -10.3894 0.8039 -0.2513 -10.3903 0.8682 -0.2454 -10.3765 0.9239 -0.2181 -10.3527 0.9096 -0.2724 -10.3496 0.9758 -0.2610 -10.3535 1.0421 -0.2551 -10.3507 1.1087 -0.2516 -10.3374 1.1736 -0.2506 -10.3509 1.2387 -0.2494 -10.3722 1.3050 -0.2486 -10.3691 1.3711 -0.2477 -10.3735 1.4375 -0.2453 -10.3762 1.5015 -0.2454 -10.4040 1.5681 -0.2422 -10.4028 1.6345 -0.2394 -10.4015 1.7010 -0.2364 -10.3915 1.7677 -0.2325 -10.3821 1.8343 -0.2307 -10.3750 1.9010 -0.2277 -10.3680 -1.8957 -0.2096 -10.2830 -1.8311 -0.2089 -10.2519 -1.7634 -0.2110 -10.2646 -1.6955 -0.2071 -10.3462 -1.6287 -0.2039 -10.3777 -1.5624 -0.2051 -10.3730 -1.4962 -0.2061 -10.3628 -1.4300 -0.2057 -10.3581 -1.3644 -0.2061 -10.3414 -1.2983 -0.2059 -10.3322 -1.2316 -0.2066 -10.3298 -1.1650 -0.2071 -10.3356 -1.0979 -0.2076 -10.3415 -1.0306 -0.2083 -10.3405 -0.9633 -0.2092 -10.3381 -0.8963 -0.2129 -10.3290 -0.9347 -0.2171 -10.3778 -0.8682 -0.2102 -10.3687 -0.8016 -0.2068 -10.3616 -0.7348 -0.2044 -10.3583 -0.6678 -0.2036 -10.3602 -0.6009 -0.2028 -10.3590 -0.5339 -0.2019 -10.3575 -0.4668 -0.2009 -10.3561 -0.3998 -0.1998 -10.3546 -0.3328 -0.1990 -10.3541 -0.2658 -0.1979 -10.3539 -0.1986 -0.1969 -10.3545 -0.1315 -0.1961 -10.3570 -0.0642 -0.1954 -10.3607 0.0029 -0.1944 -10.3645 0.0701 -0.1933 -10.3668 0.1372 -0.1920 -10.3676 0.2044 -0.1908 -10.3683 0.2714 -0.1899 -10.3707 0.3385 -0.1890 -10.3724 0.4055 -0.1881 -10.3741 0.4726 -0.1872 -10.3757 0.5396 -0.1863 -10.3764 0.6066 -0.1855 -10.3765 0.6733 -0.1849 -10.3783 0.7398 -0.1848 -10.3814 0.8052 -0.1840 -10.3916 0.8702 -0.1843 -10.4032 0.9367 -0.1906 -10.4107 0.9019 -0.2013 -10.3536 0.9677 -0.1937 -10.3526 1.0343 -0.1891 -10.3503 1.1004 -0.1873 -10.3571 1.1664 -0.1857 -10.3673 1.2330 -0.1841 -10.3682 1.2993 -0.1834 -10.3738 1.3654 -0.1824 -10.3816 1.4312 -0.1810 -10.4000 1.4976 -0.1790 -10.4009 1.5639 -0.1764 -10.4097 1.6305 -0.1736 -10.4032 1.6970 -0.1707 -10.3954 1.7637 -0.1676 -10.3961 1.8302 -0.1667 -10.3896 1.8996 -0.1707 -10.5903 -1.8837 -0.1468 -10.5632 -1.8238 -0.1489 -10.3302 -1.7605 -0.1455 -10.3002 -1.6946 -0.1435 -10.2994 -1.6270 -0.1428 -10.3254 -1.5594 -0.1419 -10.3486 -1.4931 -0.1413 -10.3508 -1.4270 -0.1410 -10.3451 -1.3606 -0.1399 -10.3445 -1.2943 -0.1401 -10.3346 -1.2275 -0.1406 -10.3326 -1.1606 -0.1409 -10.3343 -1.0935 -0.1414 -10.3384 -1.0262 -0.1418 -10.3406 -0.9595 -0.1422 -10.3367 -0.8932 -0.1442 -10.3316 -0.9380 -0.1470 -10.3808 -0.8724 -0.1426 -10.3718 -0.8057 -0.1398 -10.3666 -0.7386 -0.1381 -10.3649 -0.6715 -0.1374 -10.3630 -0.6042 -0.1365 -10.3620 -0.5370 -0.1357 -10.3615 -0.4695 -0.1347 -10.3615 -0.4022 -0.1338 -10.3614 -0.3349 -0.1331 -10.3627 -0.2676 -0.1323 -10.3648 -0.2003 -0.1315 -10.3670 -0.1330 -0.1306 -10.3684 -0.0657 -0.1293 -10.3696 0.0015 -0.1280 -10.3706 0.0687 -0.1269 -10.3721 0.1359 -0.1257 -10.3740 0.2032 -0.1245 -10.3751 0.2704 -0.1236 -10.3764 0.3376 -0.1227 -10.3768 0.4047 -0.1216 -10.3770 0.4720 -0.1206 -10.3781 0.5392 -0.1197 -10.3774 0.6065 -0.1189 -10.3777 0.6737 -0.1181 -10.3797 0.7410 -0.1177 -10.3810 0.8077 -0.1172 -10.3892 0.8748 -0.1178 -10.3955 0.9416 -0.1227 -10.3999 0.8937 -0.1300 -10.3516 0.9603 -0.1262 -10.3499 1.0273 -0.1232 -10.3541 1.0943 -0.1214 -10.3591 1.1612 -0.1199 -10.3649 1.2277 -0.1188 -10.3742 1.2945 -0.1180 -10.3826 1.3605 -0.1164 -10.3944 1.4268 -0.1150 -10.4029 1.4931 -0.1132 -10.4117 1.5598 -0.1106 -10.4222 1.6263 -0.1078 -10.4244 1.6927 -0.1053 -10.4222 1.7592 -0.1016 -10.4945 1.8261 -0.1014 -10.5383 1.8919 -0.1062 -10.4659 -1.8955 -0.0903 -10.2089 -1.8292 -0.0862 -10.2228 -1.7600 -0.0804 -10.3049 -1.6929 -0.0791 -10.3197 -1.6263 -0.0765 -10.3217 -1.5586 -0.0763 -10.3309 -1.4915 -0.0762 -10.3354 -1.4251 -0.0755 -10.3350 -1.3584 -0.0748 -10.3327 -1.2916 -0.0745 -10.3323 -1.2247 -0.0748 -10.3346 -1.1575 -0.0749 -10.3370 -1.0901 -0.0752 -10.3405 -1.0231 -0.0754 -10.3452 -0.9563 -0.0751 -10.3469 -0.8901 -0.0755 -10.3390 -0.9427 -0.0775 -10.3795 -0.8765 -0.0746 -10.3719 -0.8092 -0.0727 -10.3696 -0.7418 -0.0716 -10.3671 -0.6742 -0.0710 -10.3662 -0.6065 -0.0701 -10.3663 -0.5389 -0.0694 -10.3668 -0.4714 -0.0686 -10.3676 -0.4040 -0.0679 -10.3690 -0.3366 -0.0671 -10.3698 -0.2692 -0.0663 -10.3722 -0.2018 -0.0653 -10.3739 -0.1345 -0.0642 -10.3741 -0.0672 -0.0630 -10.3748 0.0003 -0.0617 -10.3752 0.0676 -0.0604 -10.3761 0.1348 -0.0593 -10.3772 0.2020 -0.0582 -10.3786 0.2693 -0.0572 -10.3803 0.3366 -0.0562 -10.3802 0.4038 -0.0552 -10.3797 0.4713 -0.0541 -10.3788 0.5387 -0.0532 -10.3776 0.6061 -0.0522 -10.3780 0.6737 -0.0515 -10.3787 0.7413 -0.0509 -10.3802 0.8090 -0.0503 -10.3860 0.8772 -0.0509 -10.3891 0.9451 -0.0539 -10.3908 0.8866 -0.0599 -10.3527 0.9547 -0.0587 -10.3519 1.0227 -0.0570 -10.3563 1.0902 -0.0554 -10.3617 1.1576 -0.0540 -10.3670 1.2249 -0.0532 -10.3693 1.2919 -0.0542 -10.3659 1.3589 -0.0540 -10.3668 1.4254 -0.0527 -10.3720 1.4919 -0.0501 -10.3770 1.5586 -0.0479 -10.3748 1.6253 -0.0476 -10.3584 1.6923 -0.0446 -10.3588 1.7602 -0.0446 -10.3173 1.8269 -0.0455 -10.3011 1.8936 -0.0443 -10.2872 -1.8875 -0.0334 -10.5135 -1.8218 -0.0299 -10.4491 -1.7546 -0.0264 -10.4605 -1.6898 -0.0204 -10.4031 -1.6235 -0.0190 -10.3832 -1.5571 -0.0172 -10.3672 -1.4904 -0.0165 -10.3665 -1.4236 -0.0153 -10.3651 -1.3568 -0.0138 -10.3616 -1.2901 -0.0117 -10.3563 -1.2229 -0.0115 -10.3569 -1.1557 -0.0114 -10.3571 -1.0881 -0.0109 -10.3559 -1.0203 -0.0103 -10.3572 -0.9524 -0.0091 -10.3598 -0.8845 -0.0104 -10.3692 -0.9490 -0.0082 -10.3716 -0.8803 -0.0067 -10.3731 -0.8121 -0.0057 -10.3723 -0.7440 -0.0050 -10.3694 -0.6761 -0.0044 -10.3693 -0.6082 -0.0038 -10.3704 -0.5405 -0.0030 -10.3709 -0.4729 -0.0023 -10.3718 -0.4054 -0.0016 -10.3742 -0.3379 -0.0009 -10.3749 -0.2705 0.0001 -10.3761 -0.2031 0.0011 -10.3767 -0.1357 0.0022 -10.3767 -0.0684 0.0034 -10.3771 -0.0010 0.0047 -10.3774 0.0663 0.0060 -10.3782 0.1336 0.0072 -10.3786 0.2008 0.0083 -10.3795 0.2681 0.0093 -10.3803 0.3355 0.0103 -10.3795 0.4028 0.0113 -10.3790 0.4702 0.0123 -10.3772 0.5377 0.0133 -10.3760 0.6053 0.0142 -10.3761 0.6729 0.0151 -10.3763 0.7407 0.0158 -10.3777 0.8088 0.0163 -10.3815 0.8773 0.0165 -10.3832 0.9462 0.0161 -10.3826 0.8830 0.0099 -10.3555 0.9526 0.0080 -10.3476 1.0213 0.0084 -10.3457 1.0893 0.0088 -10.3455 1.1569 0.0098 -10.3472 1.2243 0.0104 -10.3487 1.2916 0.0095 -10.3451 1.3587 0.0109 -10.3462 1.4258 0.0113 -10.3427 1.4928 0.0135 -10.3403 1.5590 0.0164 -10.3455 1.6250 0.0196 -10.3793 1.6902 0.0239 -10.4245 1.7563 0.0245 -10.4398 1.8238 0.0209 -10.3879 1.8902 0.0207 -10.3970 -1.8860 0.0319 -10.4410 -1.8194 0.0354 -10.4518 -1.7530 0.0376 -10.5125 -1.6864 0.0384 -10.5170 -1.6207 0.0396 -10.4946 -1.5545 0.0423 -10.4426 -1.4879 0.0437 -10.4180 -1.4223 0.0469 -10.3975 -1.3566 0.0500 -10.3828 -1.2900 0.0513 -10.3782 -1.2233 0.0513 -10.3810 -1.1562 0.0522 -10.3775 -1.0889 0.0538 -10.3718 -1.0212 0.0556 -10.3657 -0.9529 0.0578 -10.3631 -0.8848 0.0599 -10.3698 -0.9496 0.0616 -10.3739 -0.8816 0.0611 -10.3767 -0.8133 0.0611 -10.3752 -0.7451 0.0615 -10.3715 -0.6771 0.0620 -10.3716 -0.6093 0.0626 -10.3724 -0.5416 0.0633 -10.3727 -0.4740 0.0640 -10.3737 -0.4065 0.0647 -10.3761 -0.3391 0.0656 -10.3761 -0.2717 0.0665 -10.3761 -0.2043 0.0675 -10.3757 -0.1369 0.0687 -10.3756 -0.0696 0.0698 -10.3755 -0.0022 0.0711 -10.3756 0.0650 0.0724 -10.3764 0.1324 0.0736 -10.3766 0.1996 0.0748 -10.3774 0.2669 0.0757 -10.3769 0.3341 0.0766 -10.3755 0.4014 0.0776 -10.3745 0.4688 0.0785 -10.3730 0.5364 0.0797 -10.3719 0.6039 0.0808 -10.3724 0.6715 0.0816 -10.3733 0.7391 0.0825 -10.3747 0.8067 0.0833 -10.3770 0.8740 0.0841 -10.3788 0.9403 0.0860 -10.3823 0.8905 0.0796 -10.3378 0.9566 0.0747 -10.3384 1.0233 0.0728 -10.3313 1.0905 0.0722 -10.3256 1.1581 0.0723 -10.3231 1.2252 0.0732 -10.3236 1.2923 0.0734 -10.3245 1.3592 0.0747 -10.3268 1.4260 0.0760 -10.3277 1.4926 0.0776 -10.3228 1.5594 0.0787 -10.3151 1.6264 0.0793 -10.3116 1.6932 0.0807 -10.3070 1.7590 0.0826 -10.3167 1.8232 0.0855 -10.3517 1.8867 0.0863 -10.4684 -1.8921 0.0969 -10.3514 -1.8255 0.1000 -10.3409 -1.7595 0.1027 -10.3873 -1.6930 0.1037 -10.3928 -1.6266 0.1060 -10.3932 -1.5602 0.1083 -10.3912 -1.4938 0.1107 -10.3890 -1.4272 0.1137 -10.3913 -1.3604 0.1158 -10.3899 -1.2937 0.1166 -10.3845 -1.2266 0.1178 -10.3749 -1.1596 0.1186 -10.3679 -1.0923 0.1201 -10.3635 -1.0247 0.1215 -10.3595 -0.9566 0.1245 -10.3599 -0.8878 0.1301 -10.3613 -0.9491 0.1309 -10.3842 -0.8809 0.1290 -10.3814 -0.8129 0.1278 -10.3774 -0.7452 0.1281 -10.3724 -0.6775 0.1285 -10.3722 -0.6099 0.1292 -10.3721 -0.5423 0.1298 -10.3715 -0.4748 0.1304 -10.3725 -0.4074 0.1311 -10.3732 -0.3400 0.1320 -10.3729 -0.2727 0.1330 -10.3729 -0.2053 0.1339 -10.3731 -0.1381 0.1351 -10.3729 -0.0708 0.1362 -10.3722 -0.0035 0.1374 -10.3719 0.0638 0.1388 -10.3725 0.1311 0.1400 -10.3725 0.1983 0.1411 -10.3720 0.2655 0.1420 -10.3704 0.3327 0.1428 -10.3690 0.4001 0.1437 -10.3675 0.4674 0.1448 -10.3668 0.5348 0.1459 -10.3669 0.6022 0.1472 -10.3683 0.6696 0.1483 -10.3701 0.7368 0.1494 -10.3716 0.8039 0.1504 -10.3717 0.8708 0.1523 -10.3745 0.9369 0.1555 -10.3798 0.8950 0.1473 -10.3294 0.9614 0.1419 -10.3335 1.0275 0.1383 -10.3427 1.0947 0.1377 -10.3334 1.1610 0.1381 -10.3267 1.2275 0.1387 -10.3276 1.2940 0.1382 -10.3352 1.3604 0.1388 -10.3482 1.4266 0.1404 -10.3534 1.4930 0.1412 -10.3553 1.5594 0.1428 -10.3511 1.6265 0.1453 -10.3236 1.6934 0.1464 -10.3018 1.7611 0.1467 -10.2685 1.8283 0.1473 -10.2637 1.8949 0.1472 -10.2686 -1.8979 0.1617 -10.4174 -1.8312 0.1649 -10.4092 -1.7646 0.1679 -10.4083 -1.6980 0.1696 -10.3953 -1.6319 0.1718 -10.3817 -1.5650 0.1742 -10.3858 -1.4983 0.1768 -10.3877 -1.4315 0.1796 -10.3851 -1.3648 0.1816 -10.3792 -1.2990 0.1818 -10.3634 -1.2323 0.1829 -10.3561 -1.1655 0.1841 -10.3601 -1.0988 0.1858 -10.3588 -1.0322 0.1868 -10.3562 -0.9656 0.1905 -10.3600 -0.9010 0.1991 -10.3453 -0.9415 0.1988 -10.3982 -0.8766 0.1968 -10.3906 -0.8108 0.1943 -10.3799 -0.7443 0.1949 -10.3729 -0.6771 0.1952 -10.3730 -0.6100 0.1957 -10.3707 -0.5427 0.1963 -10.3697 -0.4753 0.1969 -10.3697 -0.4081 0.1975 -10.3687 -0.3408 0.1983 -10.3676 -0.2737 0.1992 -10.3674 -0.2064 0.2001 -10.3670 -0.1393 0.2013 -10.3674 -0.0719 0.2026 -10.3672 -0.0047 0.2038 -10.3661 0.0625 0.2048 -10.3637 0.1297 0.2056 -10.3610 0.1969 0.2066 -10.3594 0.2641 0.2075 -10.3591 0.3313 0.2088 -10.3595 0.3985 0.2098 -10.3595 0.4658 0.2110 -10.3606 0.5330 0.2124 -10.3628 0.6002 0.2138 -10.3649 0.6673 0.2151 -10.3667 0.7342 0.2163 -10.3650 0.8008 0.2178 -10.3687 0.8675 0.2198 -10.3688 0.9341 0.2257 -10.3739 0.9004 0.2150 -10.3238 0.9660 0.2084 -10.3385 1.0326 0.2041 -10.3468 1.0994 0.2022 -10.3498 1.1648 0.2043 -10.3227 1.2310 0.2047 -10.3257 1.2975 0.2036 -10.3310 1.3632 0.2047 -10.3480 1.4275 0.2033 -10.3789 1.4942 0.2055 -10.3778 1.5609 0.2067 -10.3759 1.6275 0.2077 -10.3691 1.6944 0.2095 -10.3434 1.7613 0.2124 -10.2796 1.8280 0.2124 -10.2815 1.8925 0.2124 -10.3247 -1.9023 0.2269 -10.4084 -1.8356 0.2300 -10.4049 -1.7691 0.2328 -10.3883 -1.7026 0.2349 -10.3814 -1.6361 0.2375 -10.3795 -1.5695 0.2401 -10.3858 -1.5029 0.2429 -10.3871 -1.4364 0.2454 -10.3853 -1.3705 0.2472 -10.3573 -1.3047 0.2475 -10.3443 -1.2383 0.2483 -10.3635 -1.1722 0.2494 -10.3676 -1.1061 0.2514 -10.3660 -1.0412 0.2486 -10.3803 -0.9797 0.2557 -10.3570 -0.9175 0.2682 -10.3390 -0.8838 0.2240 -10.3708 -0.8646 0.2576 -10.4242 -0.8119 0.2615 -10.3809 -0.7447 0.2620 -10.3786 -0.6769 0.2620 -10.3770 -0.6100 0.2624 -10.3713 -0.5431 0.2629 -10.3684 -0.4760 0.2634 -10.3661 -0.4088 0.2639 -10.3639 -0.3416 0.2646 -10.3623 -0.2746 0.2654 -10.3608 -0.2073 0.2662 -10.3594 -0.1403 0.2673 -10.3589 -0.0731 0.2684 -10.3577 -0.0060 0.2694 -10.3556 0.0611 0.2702 -10.3515 0.1282 0.2709 -10.3481 0.1956 0.2723 -10.3473 0.2627 0.2735 -10.3489 0.3299 0.2749 -10.3517 0.3969 0.2763 -10.3549 0.4641 0.2776 -10.3581 0.5312 0.2790 -10.3602 0.5983 0.2804 -10.3617 0.6652 0.2821 -10.3636 0.7320 0.2834 -10.3595 0.7977 0.2852 -10.3695 0.8630 0.2867 -10.3585 0.9123 0.2679 -10.3184 0.9237 0.2571 -10.3784 0.9751 0.2748 -10.3379 1.0386 0.2696 -10.3561 1.1046 0.2680 -10.3575 1.1707 0.2680 -10.3484 1.2356 0.2709 -10.3141 1.3019 0.2691 -10.3107 1.3650 0.2731 -10.3340 1.4305 0.2703 -10.3648 1.4964 0.2705 -10.3917 1.5628 0.2713 -10.3983 1.6295 0.2720 -10.3933 1.6961 0.2725 -10.3866 1.7627 0.2735 -10.3639 1.8290 0.2775 -10.2835 1.8959 0.2770 -10.2759 -1.9068 0.2920 -10.4067 -1.8402 0.2952 -10.3891 -1.7737 0.2980 -10.3837 -1.7072 0.3004 -10.3785 -1.6406 0.3030 -10.3864 -1.5740 0.3059 -10.3900 -1.5074 0.3090 -10.3908 -1.4416 0.3111 -10.3540 -1.3754 0.3129 -10.3375 -1.3109 0.3104 -10.3797 -1.2447 0.3119 -10.3840 -1.1783 0.3143 -10.3776 -1.1161 0.3080 -10.4001 -1.0500 0.3110 -10.3994 -0.9846 0.3111 -10.3933 -0.9188 0.3138 -10.3893 -0.8899 0.2856 -10.3370 -0.8726 0.3178 -10.3926 -0.8090 0.3284 -10.3834 -0.7434 0.3292 -10.3795 -0.6771 0.3290 -10.3759 -0.6104 0.3292 -10.3722 -0.5436 0.3296 -10.3681 -0.4767 0.3299 -10.3637 -0.4096 0.3303 -10.3593 -0.3426 0.3308 -10.3565 -0.2756 0.3317 -10.3554 -0.2085 0.3324 -10.3536 -0.1416 0.3333 -10.3509 -0.0744 0.3341 -10.3477 -0.0075 0.3349 -10.3433 0.0598 0.3360 -10.3408 0.1268 0.3371 -10.3407 0.1940 0.3387 -10.3431 0.2612 0.3400 -10.3457 0.3283 0.3414 -10.3490 0.3954 0.3428 -10.3518 0.4625 0.3440 -10.3539 0.5296 0.3455 -10.3564 0.5966 0.3471 -10.3585 0.6635 0.3488 -10.3573 0.7302 0.3507 -10.3561 0.7964 0.3528 -10.3633 0.8579 0.3510 -10.3384 0.9175 0.3371 -10.3170 0.9128 0.3261 -10.3827 0.9796 0.3243 -10.3841 1.0451 0.3329 -10.3729 1.1108 0.3305 -10.3782 1.1770 0.3301 -10.3748 1.2418 0.3330 -10.3446 1.3082 0.3303 -10.3449 1.3689 0.3353 -10.3063 1.4356 0.3352 -10.3145 1.4990 0.3369 -10.3722 1.5650 0.3376 -10.4020 1.6312 0.3376 -10.4203 1.6979 0.3372 -10.4206 1.7646 0.3372 -10.4126 1.8311 0.3378 -10.3949 1.8967 0.3417 -10.3082 -1.9117 0.3572 -10.3893 -1.8452 0.3604 -10.3838 -1.7786 0.3632 -10.3810 -1.7120 0.3658 -10.3855 -1.6452 0.3687 -10.3903 -1.5784 0.3717 -10.3938 -1.5126 0.3747 -10.3517 -1.4459 0.3773 -10.3368 -1.3848 0.3713 -10.3937 -1.3180 0.3750 -10.3941 -1.2514 0.3774 -10.3899 -1.1881 0.3736 -10.4104 -1.1222 0.3748 -10.4037 -1.0576 0.3753 -10.3864 -0.9953 0.3695 -10.3641 -0.9294 0.3715 -10.3559 -0.8822 0.3501 -10.3139 -0.8740 0.3822 -10.3718 -0.8108 0.3962 -10.3856 -0.7446 0.3966 -10.3792 -0.6780 0.3957 -10.3741 -0.6112 0.3958 -10.3677 -0.5442 0.3962 -10.3673 -0.4773 0.3967 -10.3631 -0.4105 0.3970 -10.3590 -0.3435 0.3975 -10.3557 -0.2765 0.3981 -10.3540 -0.2095 0.3989 -10.3510 -0.1427 0.3996 -10.3460 -0.0756 0.4003 -10.3419 -0.0086 0.4012 -10.3395 0.0587 0.4025 -10.3380 0.1257 0.4037 -10.3374 0.1928 0.4054 -10.3405 0.2598 0.4067 -10.3432 0.3269 0.4078 -10.3430 0.3939 0.4089 -10.3437 0.4609 0.4103 -10.3474 0.5277 0.4118 -10.3518 0.5947 0.4136 -10.3547 0.6620 0.4155 -10.3514 0.7288 0.4179 -10.3547 0.7960 0.4199 -10.3565 0.8587 0.4195 -10.3306 0.9237 0.4047 -10.3262 0.9203 0.3922 -10.3923 0.9861 0.3900 -10.3834 1.0488 0.3915 -10.4062 1.1157 0.3905 -10.4086 1.1804 0.3956 -10.3926 1.2475 0.3946 -10.3838 1.3142 0.3914 -10.3851 1.3791 0.3924 -10.3573 1.4417 0.3988 -10.2903 1.5078 0.3963 -10.2963 1.5688 0.4033 -10.3636 1.6337 0.4040 -10.4192 1.6999 0.4033 -10.4402 1.7664 0.4027 -10.4501 1.8331 0.4022 -10.4376 1.8998 0.4008 -10.4746 -1.9164 0.4223 -10.3804 -1.8500 0.4257 -10.3764 -1.7835 0.4286 -10.3861 -1.7169 0.4312 -10.3915 -1.6503 0.4343 -10.3907 -1.5839 0.4372 -10.3499 -1.5171 0.4411 -10.3374 -1.4566 0.4349 -10.4049 -1.3898 0.4374 -10.4035 -1.3232 0.4407 -10.3963 -1.2598 0.4379 -10.4176 -1.1946 0.4389 -10.3997 -1.1343 0.4320 -10.3717 -1.0703 0.4306 -10.3517 -1.0045 0.4311 -10.3413 -0.9455 0.4213 -10.3134 -0.8792 0.4181 -10.3155 -0.8196 0.4136 -10.3457 -0.8121 0.4654 -10.3852 -0.7455 0.4636 -10.3749 -0.6787 0.4622 -10.3695 -0.6115 0.4624 -10.3711 -0.5448 0.4628 -10.3654 -0.4780 0.4633 -10.3621 -0.4111 0.4637 -10.3604 -0.3441 0.4641 -10.3573 -0.2772 0.4647 -10.3538 -0.2103 0.4654 -10.3507 -0.1435 0.4660 -10.3453 -0.0766 0.4668 -10.3409 -0.0096 0.4678 -10.3385 0.0575 0.4690 -10.3372 0.1244 0.4704 -10.3369 0.1915 0.4720 -10.3387 0.2584 0.4732 -10.3401 0.3254 0.4744 -10.3407 0.3922 0.4755 -10.3422 0.4590 0.4768 -10.3459 0.5258 0.4783 -10.3503 0.5930 0.4801 -10.3492 0.6598 0.4821 -10.3482 0.7267 0.4854 -10.3522 0.7940 0.4867 -10.3553 0.8578 0.4907 -10.3331 0.8680 0.4336 -10.3321 0.9324 0.4431 -10.3507 0.9891 0.4565 -10.3841 1.0556 0.4552 -10.3907 1.1220 0.4552 -10.3963 1.1856 0.4573 -10.4172 1.2518 0.4584 -10.4074 1.3188 0.4560 -10.4100 1.3849 0.4562 -10.3974 1.4506 0.4580 -10.3699 1.5125 0.4622 -10.2976 1.5795 0.4590 -10.2891 1.6435 0.4617 -10.3528 1.7039 0.4686 -10.4272 1.7689 0.4687 -10.4491 1.8352 0.4673 -10.4854 1.9020 0.4660 -10.4497 -1.9219 0.4875 -10.3765 -1.8554 0.4909 -10.3906 -1.7890 0.4939 -10.3938 -1.7226 0.4965 -10.3829 -1.6562 0.4993 -10.3489 -1.5891 0.5029 -10.3425 -1.5284 0.4984 -10.4122 -1.4610 0.5008 -10.4099 -1.3946 0.5035 -10.3990 -1.3303 0.5029 -10.4178 -1.2666 0.5008 -10.3943 -1.2052 0.4964 -10.3676 -1.1390 0.4973 -10.3557 -1.0743 0.4970 -10.3360 -1.0118 0.4923 -10.3136 -0.9479 0.4856 -10.3303 -0.8819 0.4831 -10.3337 -0.8172 0.4757 -10.3473 -0.8117 0.5312 -10.3641 -0.7447 0.5301 -10.3649 -0.6779 0.5283 -10.3611 -0.6116 0.5260 -10.3513 -0.5456 0.5294 -10.3610 -0.4787 0.5298 -10.3590 -0.4117 0.5303 -10.3581 -0.3448 0.5307 -10.3555 -0.2780 0.5313 -10.3520 -0.2112 0.5319 -10.3480 -0.1444 0.5325 -10.3437 -0.0775 0.5334 -10.3403 -0.0106 0.5343 -10.3377 0.0563 0.5355 -10.3363 0.1233 0.5372 -10.3362 0.1903 0.5388 -10.3384 0.2571 0.5399 -10.3380 0.3238 0.5410 -10.3381 0.3905 0.5420 -10.3386 0.4567 0.5433 -10.3461 0.5245 0.5457 -10.3464 0.5904 0.5450 -10.3348 0.6561 0.5488 -10.3444 0.7220 0.5529 -10.3513 0.7716 0.5327 -10.3129 0.8217 0.5068 -10.2803 0.8791 0.5005 -10.3142 0.9316 0.5094 -10.3526 0.9983 0.5139 -10.3523 1.0625 0.5171 -10.3674 1.1251 0.5213 -10.3910 1.1899 0.5228 -10.4059 1.2561 0.5236 -10.4210 1.3224 0.5224 -10.4132 1.3890 0.5220 -10.4156 1.4550 0.5228 -10.4069 1.5200 0.5241 -10.3728 1.5843 0.5248 -10.3148 1.6499 0.5244 -10.2797 1.7126 0.5290 -10.3468 1.7731 0.5335 -10.4283 1.8395 0.5315 -10.4331 1.9043 0.5309 -10.5063 -1.9278 0.5526 -10.3947 -1.8615 0.5563 -10.3969 -1.7954 0.5591 -10.3766 -1.7292 0.5619 -10.3531 -1.6629 0.5646 -10.3493 -1.5988 0.5646 -10.4288 -1.5320 0.5649 -10.4169 -1.4657 0.5663 -10.4014 -1.4003 0.5675 -10.4157 -1.3380 0.5637 -10.3915 -1.2745 0.5617 -10.3686 -1.2079 0.5636 -10.3570 -1.1451 0.5612 -10.3315 -1.0804 0.5613 -10.3080 -1.0162 0.5542 -10.3392 -0.9495 0.5524 -10.3340 -0.8878 0.5449 -10.3581 -0.8223 0.5419 -10.3675 -0.7976 0.5714 -10.3127 -0.7428 0.5939 -10.3435 -0.6765 0.5941 -10.3503 -0.6100 0.5922 -10.3453 -0.5441 0.5910 -10.3359 -0.4790 0.5962 -10.3507 -0.4123 0.5972 -10.3546 -0.3456 0.5975 -10.3520 -0.2788 0.5979 -10.3489 -0.2121 0.5985 -10.3462 -0.1454 0.5991 -10.3417 -0.0786 0.5999 -10.3394 -0.0118 0.6009 -10.3372 0.0550 0.6020 -10.3341 0.1220 0.6040 -10.3341 0.1889 0.6054 -10.3339 0.2557 0.6065 -10.3342 0.3221 0.6077 -10.3406 0.3885 0.6084 -10.3347 0.4538 0.6050 -10.3211 0.5205 0.6058 -10.3166 0.5856 0.6112 -10.3308 0.6521 0.6141 -10.3308 0.7162 0.6096 -10.3140 0.7636 0.5863 -10.2738 0.8170 0.5688 -10.3085 0.8836 0.5693 -10.3078 0.9360 0.5758 -10.3470 1.0015 0.5796 -10.3519 1.0635 0.5828 -10.3755 1.1301 0.5848 -10.3687 1.1919 0.5889 -10.3940 1.2589 0.5888 -10.4070 1.3257 0.5881 -10.4094 1.3922 0.5878 -10.4129 1.4585 0.5884 -10.4182 1.5252 0.5879 -10.4148 1.5914 0.5868 -10.3827 1.6547 0.5891 -10.3230 1.7201 0.5907 -10.2813 1.7826 0.5955 -10.3226 1.8438 0.5964 -10.4155 1.9112 0.5925 -10.3898 -1.9341 0.6179 -10.3989 -1.8678 0.6215 -10.3711 -1.8015 0.6245 -10.3593 -1.7353 0.6272 -10.3595 -1.6699 0.6289 -10.4351 -1.6037 0.6300 -10.4234 -1.5377 0.6297 -10.3924 -1.4722 0.6317 -10.4159 -1.4073 0.6292 -10.3911 -1.3438 0.6272 -10.3676 -1.2774 0.6292 -10.3552 -1.2144 0.6272 -10.3296 -1.1487 0.6289 -10.3041 -1.0840 0.6220 -10.3470 -1.0182 0.6211 -10.3314 -0.9571 0.6143 -10.3574 -0.8927 0.6101 -10.3738 -0.8265 0.6105 -10.3686 -0.7621 0.6139 -10.3527 -0.7341 0.6464 -10.3022 -0.6729 0.6566 -10.3270 -0.6087 0.6588 -10.3463 -0.5434 0.6575 -10.3305 -0.4771 0.6562 -10.3218 -0.4107 0.6583 -10.3279 -0.3462 0.6638 -10.3446 -0.2795 0.6646 -10.3457 -0.2128 0.6651 -10.3467 -0.1463 0.6657 -10.3398 -0.0796 0.6665 -10.3361 -0.0128 0.6675 -10.3388 0.0534 0.6685 -10.3286 0.1222 0.6721 -10.3709 0.1883 0.6720 -10.3340 0.2547 0.6729 -10.3274 0.3179 0.6653 -10.3071 0.3843 0.6665 -10.3018 0.4508 0.6695 -10.3043 0.5168 0.6724 -10.3138 0.5833 0.6759 -10.3134 0.6490 0.6754 -10.3033 0.7066 0.6627 -10.2726 0.7500 0.6376 -10.3165 0.8157 0.6368 -10.3064 0.8815 0.6377 -10.3118 0.9443 0.6406 -10.3309 1.0048 0.6454 -10.3572 1.0709 0.6467 -10.3601 1.1327 0.6496 -10.3843 1.1984 0.6511 -10.3664 1.2627 0.6539 -10.3935 1.3289 0.6535 -10.3936 1.3949 0.6538 -10.4143 1.4610 0.6541 -10.4123 1.5271 0.6542 -10.4125 1.5932 0.6540 -10.4095 1.6589 0.6541 -10.3901 1.7244 0.6550 -10.3373 1.7922 0.6578 -10.2586 1.8556 0.6574 -10.3040 1.9170 0.6572 -10.3916 -1.9400 0.6832 -10.3690 -1.8736 0.6869 -10.3714 -1.8073 0.6899 -10.3737 -1.7410 0.6928 -10.4357 -1.6746 0.6944 -10.4233 -1.6086 0.6950 -10.3953 -1.5425 0.6962 -10.4244 -1.4777 0.6946 -10.3775 -1.4116 0.6951 -10.3735 -1.3473 0.6939 -10.3484 -1.2815 0.6947 -10.3382 -1.2178 0.6944 -10.3044 -1.1527 0.6901 -10.3526 -1.0877 0.6885 -10.3320 -1.0254 0.6834 -10.3547 -0.9597 0.6803 -10.3715 -0.8946 0.6773 -10.3821 -0.8292 0.6783 -10.3709 -0.7650 0.6814 -10.3536 -0.6991 0.6858 -10.3439 -0.6646 0.7146 -10.2944 -0.6019 0.7185 -10.3177 -0.5404 0.7229 -10.3427 -0.4766 0.7227 -10.3235 -0.4109 0.7239 -10.3147 -0.3447 0.7255 -10.3196 -0.2782 0.7261 -10.3200 -0.2141 0.7312 -10.3385 -0.1471 0.7323 -10.3408 -0.0802 0.7332 -10.3391 -0.0133 0.7344 -10.3355 0.0534 0.7349 -10.3301 0.1200 0.7348 -10.3222 0.1832 0.7288 -10.2993 0.2493 0.7276 -10.2896 0.3160 0.7286 -10.2851 0.3815 0.7331 -10.2978 0.4479 0.7356 -10.2955 0.5137 0.7321 -10.2839 0.5801 0.7391 -10.2913 0.6435 0.7342 -10.2708 0.6811 0.7058 -10.3182 0.7472 0.7051 -10.3110 0.8143 0.7040 -10.3198 0.8807 0.7062 -10.3137 0.9469 0.7077 -10.3171 1.0085 0.7113 -10.3434 1.0744 0.7125 -10.3527 1.1338 0.7164 -10.3822 1.2001 0.7174 -10.3809 1.2666 0.7179 -10.3661 1.3329 0.7184 -10.3728 1.3984 0.7194 -10.3929 1.4636 0.7201 -10.4189 1.5298 0.7204 -10.4193 1.5954 0.7203 -10.4045 1.6617 0.7196 -10.4077 1.7280 0.7181 -10.4024 1.7948 0.7165 -10.3817 1.8658 0.7237 -10.2216 1.9305 0.7199 -10.2666 -1.9453 0.7490 -10.3799 -1.8788 0.7526 -10.3847 -1.8122 0.7558 -10.4300 -1.7459 0.7583 -10.4199 -1.6796 0.7598 -10.3955 -1.6130 0.7613 -10.4385 -1.5486 0.7597 -10.3724 -1.4821 0.7603 -10.3763 -1.4176 0.7584 -10.3391 -1.3510 0.7598 -10.3439 -1.2877 0.7607 -10.3082 -1.2217 0.7560 -10.3565 -1.1562 0.7567 -10.3321 -1.0925 0.7519 -10.3528 -1.0277 0.7492 -10.3732 -0.9636 0.7446 -10.3906 -0.8980 0.7449 -10.3802 -0.8321 0.7460 -10.3706 -0.7660 0.7486 -10.3613 -0.7012 0.7529 -10.3437 -0.6350 0.7572 -10.3363 -0.5894 0.7785 -10.2921 -0.5408 0.7897 -10.3378 -0.4796 0.7880 -10.3103 -0.4125 0.7910 -10.3132 -0.3455 0.7922 -10.3153 -0.2793 0.7921 -10.3081 -0.2139 0.7942 -10.3174 -0.1479 0.7937 -10.3152 -0.0820 0.7928 -10.3091 -0.0165 0.7903 -10.2993 0.0496 0.7896 -10.2922 0.1154 0.7894 -10.2843 0.1814 0.7924 -10.2783 0.2478 0.7940 -10.2815 0.3138 0.7952 -10.2847 0.3804 0.7993 -10.2893 0.4427 0.7943 -10.2641 0.5088 0.7983 -10.2750 0.5752 0.8015 -10.2664 0.6138 0.7752 -10.3148 0.6808 0.7731 -10.3133 0.7478 0.7723 -10.3176 0.8146 0.7714 -10.3259 0.8801 0.7736 -10.3119 0.9466 0.7752 -10.3146 1.0119 0.7771 -10.3253 1.0765 0.7793 -10.3408 1.1372 0.7822 -10.3706 1.2028 0.7834 -10.3788 1.2691 0.7843 -10.3788 1.3356 0.7842 -10.3627 1.4007 0.7856 -10.3793 1.4668 0.7860 -10.3971 1.5324 0.7866 -10.4181 1.5986 0.7865 -10.4082 1.6648 0.7857 -10.3925 1.7314 0.7842 -10.3974 1.7977 0.7825 -10.4039 1.8636 0.7824 -10.4203 1.9307 0.7836 -10.3902 -1.9499 0.8150 -10.3925 -1.8834 0.8185 -10.4147 -1.8169 0.8215 -10.4126 -1.7506 0.8239 -10.3946 -1.6839 0.8261 -10.4459 -1.6200 0.8245 -10.3689 -1.5536 0.8255 -10.3762 -1.4886 0.8244 -10.3339 -1.4224 0.8243 -10.3474 -1.3565 0.8251 -10.3101 -1.2910 0.8217 -10.3613 -1.2253 0.8239 -10.3326 -1.1602 0.8201 -10.3561 -1.0949 0.8173 -10.3712 -1.0323 0.8126 -10.4010 -0.9665 0.8122 -10.3911 -0.9003 0.8122 -10.3805 -0.8354 0.8132 -10.3667 -0.7688 0.8157 -10.3634 -0.7023 0.8181 -10.3595 -0.6392 0.8239 -10.3377 -0.5732 0.8297 -10.3306 -0.5116 0.8398 -10.3048 -0.4544 0.8423 -10.3393 -0.4115 0.8528 -10.2870 -0.3443 0.8548 -10.2925 -0.2782 0.8584 -10.3025 -0.2126 0.8606 -10.3142 -0.1462 0.8598 -10.3221 -0.0797 0.8593 -10.3124 -0.0130 0.8538 -10.3229 0.0531 0.8524 -10.3144 0.1160 0.8554 -10.2931 0.1809 0.8595 -10.2798 0.2451 0.8579 -10.2607 0.3087 0.8614 -10.2818 0.3718 0.8588 -10.2588 0.4350 0.8583 -10.2817 0.5006 0.8638 -10.2672 0.5488 0.8448 -10.3098 0.6156 0.8422 -10.3129 0.6817 0.8398 -10.3233 0.7484 0.8390 -10.3284 0.8148 0.8390 -10.3279 0.8811 0.8402 -10.3232 0.9479 0.8421 -10.3133 1.0146 0.8433 -10.3126 1.0752 0.8467 -10.3419 1.1414 0.8477 -10.3502 1.2057 0.8495 -10.3730 1.2713 0.8504 -10.3828 1.3372 0.8507 -10.3910 1.4050 0.8506 -10.3579 1.4704 0.8518 -10.3729 1.5349 0.8536 -10.4010 1.6017 0.8527 -10.4147 1.6676 0.8516 -10.3966 1.7344 0.8505 -10.3828 1.8006 0.8491 -10.3912 1.8668 0.8488 -10.3965 1.9329 0.8486 -10.4175 -1.9544 0.8811 -10.4003 -1.8879 0.8845 -10.4030 -1.8215 0.8872 -10.3924 -1.7547 0.8903 -10.4484 -1.6906 0.8893 -10.3663 -1.6241 0.8904 -10.3748 -1.5588 0.8902 -10.3325 -1.4925 0.8902 -10.3509 -1.4268 0.8905 -10.3119 -1.3606 0.8895 -10.3654 -1.2940 0.8890 -10.3330 -1.2296 0.8866 -10.3641 -1.1635 0.8857 -10.3705 -1.1002 0.8814 -10.4089 -1.0339 0.8800 -10.4033 -0.9689 0.8791 -10.3856 -0.9030 0.8793 -10.3807 -0.8374 0.8806 -10.3687 -0.7720 0.8826 -10.3571 -0.7058 0.8848 -10.3622 -0.6395 0.8858 -10.3649 -0.5728 0.8879 -10.3628 -0.5291 0.9037 -10.3154 -0.4648 0.9029 -10.3167 -0.4040 0.9178 -10.2976 -0.3402 0.9201 -10.2803 -0.2736 0.9196 -10.2771 -0.2064 0.9185 -10.2823 -0.1404 0.9210 -10.2978 -0.0760 0.9258 -10.3172 -0.0175 0.9076 -10.2838 0.0473 0.9179 -10.3015 0.1050 0.9165 -10.2653 0.1720 0.9232 -10.2601 0.2348 0.9201 -10.2837 0.2993 0.9252 -10.2649 0.3610 0.9171 -10.2883 0.4265 0.9244 -10.2781 0.4864 0.9170 -10.3058 0.5527 0.9119 -10.3122 0.6166 0.9074 -10.3331 0.6831 0.9068 -10.3324 0.7493 0.9062 -10.3313 0.8156 0.9062 -10.3333 0.8818 0.9071 -10.3292 0.9479 0.9085 -10.3238 1.0150 0.9094 -10.3229 1.0810 0.9120 -10.3224 1.1444 0.9140 -10.3472 1.2102 0.9149 -10.3536 1.2754 0.9159 -10.3711 1.3413 0.9162 -10.3729 1.4047 0.9171 -10.4094 1.4727 0.9176 -10.3571 1.5386 0.9178 -10.3689 1.6044 0.9181 -10.3942 1.6704 0.9176 -10.4054 1.7370 0.9166 -10.3872 1.8034 0.9155 -10.3861 1.8696 0.9150 -10.3913 1.9359 0.9144 -10.3968 -1.9587 0.9472 -10.3927 -1.8923 0.9505 -10.3899 -1.8255 0.9536 -10.4375 -1.7606 0.9541 -10.3622 -1.6941 0.9554 -10.3724 -1.6286 0.9558 -10.3317 -1.5623 0.9560 -10.3533 -1.4962 0.9565 -10.3204 -1.4299 0.9553 -10.3677 -1.3634 0.9564 -10.3326 -1.2982 0.9539 -10.3678 -1.2321 0.9528 -10.3692 -1.1689 0.9489 -10.4179 -1.1026 0.9479 -10.4027 -1.0366 0.9467 -10.3934 -0.9715 0.9459 -10.3800 -0.9052 0.9466 -10.3762 -0.8393 0.9479 -10.3675 -0.7734 0.9497 -10.3613 -0.7070 0.9518 -10.3630 -0.6403 0.9530 -10.3685 -0.5750 0.9523 -10.3970 -0.5160 0.9521 -10.3610 -0.4565 0.9663 -10.3324 -0.3937 0.9539 -10.3530 -0.3308 0.9605 -10.3324 -0.2650 0.9518 -10.3356 -0.2132 0.9818 -10.3039 -0.1509 0.9837 -10.2791 -0.0834 0.9728 -10.2636 -0.0292 0.9727 -10.3046 0.0355 0.9815 -10.2835 0.1012 0.9742 -10.2994 0.1654 0.9862 -10.2837 0.2322 0.9865 -10.2783 0.2931 0.9786 -10.3058 0.3591 0.9771 -10.3173 0.4260 0.9773 -10.3199 0.4919 0.9835 -10.3107 0.5527 0.9751 -10.3379 0.6191 0.9742 -10.3400 0.6848 0.9738 -10.3311 0.7510 0.9737 -10.3342 0.8171 0.9730 -10.3389 0.8834 0.9740 -10.3332 0.9498 0.9744 -10.3352 1.0161 0.9757 -10.3327 1.0823 0.9784 -10.3204 1.1481 0.9797 -10.3272 1.2130 0.9811 -10.3487 1.2788 0.9818 -10.3591 1.3448 0.9822 -10.3650 1.4108 0.9823 -10.3708 1.4737 0.9823 -10.4204 1.5399 0.9844 -10.3573 1.6066 0.9841 -10.3679 1.6728 0.9835 -10.3846 1.7385 0.9827 -10.4057 1.8058 0.9818 -10.3794 1.8718 0.9811 -10.3936 1.9384 0.9805 -10.3931 -1.9630 1.0135 -10.3939 -1.8965 1.0166 -10.4069 -1.8308 1.0187 -10.3641 -1.7642 1.0202 -10.3716 -1.6983 1.0212 -10.3360 -1.6319 1.0216 -10.3548 -1.5656 1.0223 -10.3312 -1.4993 1.0217 -10.3674 -1.4327 1.0223 -10.3376 -1.3670 1.0209 -10.3751 -1.3006 1.0202 -10.3705 -1.2374 1.0172 -10.4288 -1.1713 1.0150 -10.3963 -1.1050 1.0144 -10.3941 -1.0390 1.0135 -10.3886 -0.9730 1.0133 -10.3808 -0.9076 1.0135 -10.3684 -0.8414 1.0149 -10.3638 -0.7750 1.0167 -10.3623 -0.7071 1.0197 -10.3727 -0.6443 1.0158 -10.4053 -0.5820 1.0170 -10.3751 -0.5200 1.0181 -10.3469 -0.4588 1.0178 -10.3753 -0.3917 1.0171 -10.3761 -0.3259 1.0181 -10.3656 -0.2596 1.0171 -10.3554 -0.1923 1.0200 -10.3566 -0.1312 1.0275 -10.3300 -0.0793 1.0351 -10.2882 -0.0121 1.0349 -10.2885 0.0413 1.0311 -10.3295 0.1064 1.0387 -10.3171 0.1709 1.0318 -10.3338 0.2369 1.0365 -10.3232 0.3008 1.0449 -10.3033 0.3581 1.0411 -10.3378 0.4240 1.0379 -10.3487 0.4901 1.0388 -10.3491 0.5561 1.0404 -10.3508 0.6208 1.0410 -10.3367 0.6869 1.0405 -10.3366 0.7527 1.0406 -10.3296 0.8188 1.0401 -10.3358 0.8843 1.0400 -10.3479 0.9514 1.0411 -10.3369 1.0175 1.0424 -10.3383 1.0839 1.0436 -10.3396 1.1502 1.0460 -10.3208 1.2161 1.0468 -10.3280 1.2821 1.0474 -10.3460 1.3466 1.0491 -10.3622 1.4131 1.0485 -10.3664 1.4795 1.0477 -10.3713 1.5435 1.0482 -10.4217 1.6079 1.0511 -10.3592 1.6747 1.0501 -10.3649 1.7408 1.0491 -10.3846 1.8071 1.0480 -10.4019 1.8742 1.0470 -10.3717 1.9401 1.0467 -10.4105 -1.9670 1.0799 -10.3830 -1.9005 1.0828 -10.3721 -1.8340 1.0847 -10.3712 -1.7680 1.0862 -10.3452 -1.7014 1.0870 -10.3604 -1.6350 1.0878 -10.3434 -1.5686 1.0877 -10.3679 -1.5022 1.0881 -10.3443 -1.4364 1.0873 -10.3793 -1.3701 1.0869 -10.3753 -1.3056 1.0846 -10.4332 -1.2393 1.0831 -10.3977 -1.1733 1.0818 -10.3931 -1.1072 1.0811 -10.3921 -1.0412 1.0802 -10.3845 -0.9757 1.0800 -10.3740 -0.9100 1.0805 -10.3629 -0.8439 1.0817 -10.3676 -0.7777 1.0825 -10.3792 -0.7118 1.0816 -10.4110 -0.6457 1.0827 -10.4082 -0.5874 1.0828 -10.3640 -0.5209 1.0848 -10.3514 -0.4566 1.0850 -10.3690 -0.3910 1.0842 -10.3798 -0.3271 1.0846 -10.3605 -0.2606 1.0841 -10.3658 -0.1940 1.0852 -10.3716 -0.1318 1.0919 -10.3470 -0.0801 1.1002 -10.3060 -0.0143 1.1009 -10.3061 0.0414 1.0973 -10.3411 0.1066 1.0964 -10.3517 0.1723 1.0949 -10.3567 0.2380 1.0965 -10.3528 0.2999 1.1039 -10.3335 0.3649 1.1074 -10.3381 0.4303 1.1036 -10.3361 0.4923 1.1040 -10.3652 0.5561 1.1071 -10.3468 0.6228 1.1068 -10.3479 0.6886 1.1072 -10.3394 0.7541 1.1076 -10.3272 0.8195 1.1073 -10.3397 0.8859 1.1073 -10.3417 0.9519 1.1076 -10.3529 1.0183 1.1094 -10.3343 1.0847 1.1103 -10.3411 1.1511 1.1112 -10.3445 1.2177 1.1131 -10.3299 1.2841 1.1142 -10.3293 1.3502 1.1140 -10.3443 1.4149 1.1149 -10.3629 1.4816 1.1139 -10.3663 1.5483 1.1129 -10.3704 1.6118 1.1137 -10.4226 1.6772 1.1164 -10.3597 1.7438 1.1153 -10.3604 1.8101 1.1141 -10.3762 1.8764 1.1133 -10.3882 1.9431 1.1121 -10.3659 -1.9701 1.1465 -10.3840 -1.9036 1.1491 -10.3729 -1.8372 1.1510 -10.3614 -1.7707 1.1522 -10.3674 -1.7043 1.1532 -10.3580 -1.6379 1.1534 -10.3719 -1.5714 1.1540 -10.3524 -1.5054 1.1534 -10.3844 -1.4392 1.1533 -10.3823 -1.3738 1.1519 -10.4336 -1.3073 1.1510 -10.4009 -1.2413 1.1497 -10.3940 -1.1754 1.1485 -10.3928 -1.1094 1.1473 -10.3821 -1.0433 1.1468 -10.3799 -0.9778 1.1467 -10.3625 -0.9127 1.1461 -10.3804 -0.8461 1.1480 -10.3823 -0.7797 1.1481 -10.4117 -0.7137 1.1484 -10.4071 -0.6476 1.1497 -10.3972 -0.5874 1.1505 -10.3570 -0.5214 1.1510 -10.3479 -0.4576 1.1518 -10.3668 -0.3918 1.1511 -10.3748 -0.3274 1.1515 -10.3588 -0.2619 1.1512 -10.3708 -0.1962 1.1518 -10.3804 -0.1385 1.1589 -10.3466 -0.0830 1.1664 -10.3102 -0.0163 1.1671 -10.3091 0.0420 1.1666 -10.3458 0.1070 1.1645 -10.3569 0.1731 1.1622 -10.3581 0.2392 1.1629 -10.3585 0.2990 1.1698 -10.3306 0.3647 1.1718 -10.3200 0.4279 1.1720 -10.3432 0.4911 1.1714 -10.3640 0.5577 1.1717 -10.3649 0.6228 1.1741 -10.3533 0.6899 1.1736 -10.3455 0.7567 1.1728 -10.3441 0.8219 1.1741 -10.3325 0.8874 1.1740 -10.3468 0.9538 1.1744 -10.3429 1.0197 1.1748 -10.3566 1.0854 1.1773 -10.3346 1.1515 1.1780 -10.3453 1.2179 1.1792 -10.3469 1.2846 1.1805 -10.3353 1.3511 1.1809 -10.3367 1.4177 1.1803 -10.3471 1.4828 1.1802 -10.3654 1.5492 1.1797 -10.3693 1.6156 1.1798 -10.3692 1.6808 1.1802 -10.4260 1.7464 1.1813 -10.3628 1.8129 1.1803 -10.3634 1.8793 1.1795 -10.3728 1.9457 1.1785 -10.3841 -1.9728 1.2132 -10.3807 -1.9062 1.2156 -10.3760 -1.8398 1.2173 -10.3736 -1.7734 1.2184 -10.3730 -1.7070 1.2191 -10.3759 -1.6406 1.2197 -10.3620 -1.5744 1.2194 -10.3898 -1.5081 1.2194 -10.3881 -1.4421 1.2189 -10.4313 -1.3757 1.2182 -10.4015 -1.3096 1.2172 -10.3944 -1.2434 1.2162 -10.3971 -1.1775 1.2149 -10.3843 -1.1114 1.2139 -10.3783 -1.0453 1.2133 -10.3704 -0.9790 1.2137 -10.3700 -0.9137 1.2134 -10.3900 -0.8476 1.2142 -10.4063 -0.7813 1.2149 -10.4102 -0.7158 1.2155 -10.3906 -0.6496 1.2165 -10.3908 -0.5879 1.2172 -10.3599 -0.5219 1.2176 -10.3488 -0.4553 1.2159 -10.3469 -0.3945 1.2177 -10.3737 -0.3286 1.2181 -10.3669 -0.2620 1.2183 -10.3753 -0.1967 1.2190 -10.3923 -0.1378 1.2260 -10.3615 -0.0804 1.2312 -10.3278 -0.0149 1.2332 -10.3096 0.0491 1.2316 -10.3305 0.1063 1.2308 -10.3650 0.1726 1.2291 -10.3627 0.2388 1.2293 -10.3592 0.3046 1.2319 -10.3540 0.3650 1.2384 -10.3270 0.4314 1.2381 -10.3340 0.4926 1.2384 -10.3608 0.5580 1.2380 -10.3734 0.6246 1.2373 -10.3756 0.6901 1.2388 -10.3632 0.7560 1.2402 -10.3530 0.8232 1.2400 -10.3446 0.8887 1.2415 -10.3330 0.9547 1.2407 -10.3526 1.0213 1.2416 -10.3445 1.0872 1.2424 -10.3585 1.1530 1.2446 -10.3364 1.2185 1.2457 -10.3495 1.2849 1.2468 -10.3492 1.3515 1.2478 -10.3415 1.4181 1.2469 -10.3464 1.4839 1.2466 -10.3600 1.5497 1.2462 -10.3766 1.6163 1.2463 -10.3720 1.6828 1.2464 -10.3693 1.7491 1.2466 -10.4250 1.8155 1.2465 -10.3673 1.8819 1.2458 -10.3708 1.9484 1.2448 -10.3742 -1.9751 1.2800 -10.3858 -1.9085 1.2821 -10.3819 -1.8420 1.2836 -10.3802 -1.7757 1.2846 -10.3799 -1.7094 1.2853 -10.3715 -1.6430 1.2855 -10.3904 -1.5766 1.2856 -10.3908 -1.5103 1.2854 -10.4224 -1.4439 1.2852 -10.4014 -1.3777 1.2845 -10.3957 -1.3115 1.2836 -10.3972 -1.2455 1.2825 -10.3830 -1.1793 1.2815 -10.3788 -1.1132 1.2805 -10.3700 -1.0471 1.2801 -10.3744 -0.9811 1.2797 -10.3910 -0.9146 1.2806 -10.3965 -0.8490 1.2811 -10.4131 -0.7837 1.2814 -10.3797 -0.7175 1.2821 -10.3943 -0.6516 1.2830 -10.3899 -0.5862 1.2834 -10.3682 -0.5230 1.2840 -10.3471 -0.4567 1.2827 -10.3458 -0.3907 1.2816 -10.3538 -0.3307 1.2835 -10.3821 -0.2645 1.2827 -10.3941 -0.1964 1.2857 -10.4063 -0.1374 1.2928 -10.3714 -0.0811 1.2970 -10.3350 -0.0157 1.2995 -10.3159 0.0497 1.2983 -10.3302 0.1127 1.2963 -10.3534 0.1749 1.2945 -10.3766 0.2401 1.2966 -10.3536 0.3050 1.2963 -10.3714 0.3696 1.2990 -10.3551 0.4316 1.3055 -10.3310 0.4934 1.3060 -10.3557 0.5589 1.3048 -10.3714 0.6246 1.3041 -10.3827 0.6912 1.3040 -10.3779 0.7567 1.3059 -10.3662 0.8226 1.3070 -10.3567 0.8891 1.3077 -10.3420 0.9554 1.3084 -10.3373 1.0210 1.3076 -10.3594 1.0874 1.3097 -10.3475 1.1537 1.3095 -10.3577 1.2200 1.3123 -10.3437 1.2849 1.3124 -10.3602 1.3517 1.3119 -10.3630 1.4183 1.3128 -10.3570 1.4847 1.3129 -10.3611 1.5512 1.3127 -10.3624 1.6172 1.3127 -10.3866 1.6838 1.3128 -10.3758 1.7503 1.3129 -10.3706 1.8169 1.3126 -10.4161 1.8835 1.3123 -10.3756 1.9501 1.3114 -10.3778 -1.9773 1.3467 -10.3860 -1.9107 1.3487 -10.3848 -1.8442 1.3501 -10.3832 -1.7777 1.3510 -10.3781 -1.7113 1.3513 -10.3899 -1.6449 1.3517 -10.3911 -1.5785 1.3518 -10.4095 -1.5121 1.3517 -10.3969 -1.4458 1.3514 -10.3949 -1.3796 1.3507 -10.3951 -1.3134 1.3498 -10.3842 -1.2471 1.3489 -10.3795 -1.1808 1.3480 -10.3722 -1.1147 1.3472 -10.3753 -1.0486 1.3467 -10.3886 -0.9825 1.3465 -10.3941 -0.9164 1.3470 -10.4082 -0.8513 1.3472 -10.3816 -0.7850 1.3481 -10.3874 -0.7190 1.3485 -10.4015 -0.6549 1.3487 -10.3689 -0.5887 1.3496 -10.3692 -0.5225 1.3474 -10.3705 -0.4577 1.3481 -10.3581 -0.3923 1.3488 -10.3493 -0.3266 1.3491 -10.3671 -0.2617 1.3510 -10.3896 -0.1993 1.3547 -10.4260 -0.1426 1.3601 -10.3691 -0.0795 1.3629 -10.3475 -0.0158 1.3654 -10.3292 0.0481 1.3634 -10.3450 0.1116 1.3612 -10.3678 0.1754 1.3609 -10.3857 0.2401 1.3628 -10.3572 0.3060 1.3628 -10.3614 0.3713 1.3635 -10.3732 0.4370 1.3644 -10.3636 0.4986 1.3707 -10.3392 0.5621 1.3707 -10.3589 0.6273 1.3704 -10.3749 0.6919 1.3707 -10.3894 0.7580 1.3714 -10.3826 0.8234 1.3733 -10.3656 0.8891 1.3742 -10.3523 0.9554 1.3753 -10.3408 1.0222 1.3753 -10.3426 1.0871 1.3745 -10.3684 1.1536 1.3773 -10.3510 1.2198 1.3767 -10.3660 1.2866 1.3787 -10.3479 1.3525 1.3785 -10.3682 1.4189 1.3791 -10.3658 1.4854 1.3793 -10.3582 1.5517 1.3791 -10.3707 1.6184 1.3790 -10.3578 1.6847 1.3792 -10.3902 1.7512 1.3792 -10.3802 1.8178 1.3790 -10.3762 1.8843 1.3787 -10.3981 1.9509 1.3781 -10.3847 -1.9794 1.4135 -10.3868 -1.9128 1.4152 -10.3857 -1.8462 1.4165 -10.3812 -1.7797 1.4172 -10.3891 -1.7132 1.4177 -10.3901 -1.6468 1.4180 -10.4008 -1.5803 1.4180 -10.3937 -1.5139 1.4179 -10.3911 -1.4475 1.4177 -10.3950 -1.3812 1.4170 -10.3859 -1.3149 1.4162 -10.3812 -1.2487 1.4154 -10.3745 -1.1825 1.4146 -10.3772 -1.1163 1.4139 -10.3868 -1.0502 1.4134 -10.3885 -0.9841 1.4132 -10.4010 -0.9179 1.4137 -10.3802 -0.8518 1.4134 -10.3981 -0.7862 1.4149 -10.3845 -0.7202 1.4150 -10.3933 -0.6543 1.4145 -10.3868 -0.5889 1.4161 -10.3754 -0.5231 1.4138 -10.3836 -0.4582 1.4142 -10.3665 -0.3930 1.4155 -10.3559 -0.3267 1.4157 -10.3593 -0.2620 1.4173 -10.3817 -0.1995 1.4211 -10.4210 -0.1343 1.4224 -10.4098 -0.0759 1.4283 -10.3550 -0.0128 1.4314 -10.3331 0.0525 1.4286 -10.3215 0.1150 1.4271 -10.3518 0.1782 1.4269 -10.3767 0.2430 1.4284 -10.3884 0.3072 1.4291 -10.3526 0.3731 1.4294 -10.3604 0.4374 1.4305 -10.3787 0.5037 1.4313 -10.3683 0.5650 1.4362 -10.3431 0.6294 1.4371 -10.3587 0.6954 1.4363 -10.3774 0.7589 1.4368 -10.3971 0.8250 1.4379 -10.3845 0.8896 1.4404 -10.3632 0.9554 1.4416 -10.3507 1.0218 1.4415 -10.3512 1.0883 1.4422 -10.3494 1.1542 1.4423 -10.3768 1.2205 1.4439 -10.3511 1.2865 1.4446 -10.3718 1.3535 1.4452 -10.3455 1.4192 1.4455 -10.3770 1.4858 1.4457 -10.3715 1.5524 1.4456 -10.3611 1.6187 1.4456 -10.3761 1.6852 1.4457 -10.3603 1.7518 1.4456 -10.3866 1.8184 1.4454 -10.3841 1.8852 1.4453 -10.3823 1.9518 1.4448 -10.3875 -1.9811 1.4802 -10.3872 -1.9144 1.4818 -10.3870 -1.8478 1.4829 -10.3891 -1.7814 1.4836 -10.3893 -1.7149 1.4840 -10.3931 -1.6484 1.4844 -10.3917 -1.5819 1.4844 -10.3887 -1.5154 1.4843 -10.3927 -1.4490 1.4840 -10.3830 -1.3826 1.4834 -10.3829 -1.3163 1.4827 -10.3773 -1.2500 1.4818 -10.3801 -1.1838 1.4811 -10.3874 -1.1176 1.4805 -10.3858 -1.0515 1.4800 -10.3962 -0.9851 1.4799 -10.3802 -0.9191 1.4800 -10.3956 -0.8528 1.4803 -10.3931 -0.7864 1.4808 -10.3997 -0.7214 1.4815 -10.3752 -0.6553 1.4812 -10.3877 -0.5885 1.4810 -10.3976 -0.5255 1.4795 -10.3700 -0.4590 1.4802 -10.3762 -0.3949 1.4822 -10.3575 -0.3299 1.4804 -10.3754 -0.2669 1.4800 -10.4055 -0.1992 1.4836 -10.4520 -0.1454 1.4943 -10.3448 -0.0736 1.4947 -10.3629 -0.0162 1.4971 -10.2998 0.0462 1.4939 -10.3387 0.1093 1.4936 -10.3605 0.1754 1.4936 -10.3826 0.2417 1.4949 -10.3833 0.3070 1.4961 -10.3626 0.3735 1.4961 -10.3608 0.4394 1.4971 -10.3691 0.5047 1.4969 -10.3828 0.5662 1.5012 -10.3577 0.6321 1.5030 -10.3460 0.6917 1.5043 -10.3763 0.7568 1.5044 -10.4030 0.8235 1.5052 -10.4006 0.8891 1.5068 -10.3781 0.9554 1.5076 -10.3643 1.0216 1.5084 -10.3525 1.0881 1.5089 -10.3521 1.1546 1.5093 -10.3525 1.2210 1.5099 -10.3827 1.2874 1.5112 -10.3512 1.3534 1.5116 -10.3776 1.4202 1.5119 -10.3436 1.4864 1.5121 -10.3802 1.5530 1.5121 -10.3725 1.6196 1.5120 -10.3661 1.6860 1.5121 -10.3806 1.7526 1.5120 -10.3695 1.8192 1.5119 -10.3821 1.8857 1.5119 -10.3850 1.9524 1.5116 -10.3843 -1.9825 1.5470 -10.3875 -1.9159 1.5484 -10.3877 -1.8493 1.5494 -10.3878 -1.7828 1.5501 -10.3900 -1.7163 1.5504 -10.3893 -1.6498 1.5508 -10.3875 -1.5832 1.5508 -10.3900 -1.5168 1.5507 -10.3826 -1.4504 1.5504 -10.3830 -1.3840 1.5497 -10.3817 -1.3177 1.5491 -10.3814 -1.2514 1.5483 -10.3886 -1.1852 1.5477 -10.3811 -1.1190 1.5470 -10.3948 -1.0525 1.5467 -10.3792 -0.9864 1.5466 -10.3903 -0.9201 1.5467 -10.3902 -0.8537 1.5471 -10.3931 -0.7874 1.5476 -10.3916 -0.7212 1.5476 -10.3885 -0.6544 1.5475 -10.4125 -0.5878 1.5481 -10.3901 -0.5241 1.5479 -10.3563 -0.4599 1.5468 -10.3848 -0.3940 1.5476 -10.3712 -0.3277 1.5475 -10.3627 -0.2696 1.5461 -10.4210 -0.2030 1.5507 -10.4183 -0.1395 1.5599 -10.3803 -0.0745 1.5610 -10.3659 -0.0167 1.5636 -10.3002 0.0456 1.5608 -10.3409 0.1064 1.5601 -10.3678 0.1736 1.5612 -10.3701 0.2411 1.5611 -10.3737 0.3076 1.5622 -10.3821 0.3734 1.5633 -10.3606 0.4360 1.5626 -10.3837 0.5027 1.5636 -10.3882 0.5628 1.5680 -10.3595 0.6290 1.5699 -10.3495 0.6896 1.5712 -10.3780 0.7568 1.5713 -10.3833 0.8231 1.5722 -10.4080 0.8896 1.5729 -10.4027 0.9553 1.5740 -10.3796 1.0215 1.5749 -10.3658 1.0879 1.5756 -10.3562 1.1544 1.5760 -10.3583 1.2208 1.5769 -10.3580 1.2874 1.5773 -10.3833 1.3542 1.5781 -10.3532 1.4203 1.5782 -10.3799 1.4870 1.5787 -10.3477 1.5533 1.5785 -10.3853 1.6201 1.5785 -10.3758 1.6867 1.5785 -10.3737 1.7533 1.5784 -10.3836 1.8199 1.5784 -10.3781 1.8865 1.5784 -10.3820 1.9532 1.5782 -10.3844 -1.9841 1.6137 -10.3876 -1.9175 1.6150 -10.3878 -1.8509 1.6159 -10.3882 -1.7843 1.6165 -10.3879 -1.7178 1.6168 -10.3864 -1.6512 1.6172 -10.3885 -1.5846 1.6172 -10.3834 -1.5180 1.6172 -10.3835 -1.4516 1.6168 -10.3838 -1.3852 1.6163 -10.3830 -1.3188 1.6156 -10.3868 -1.2525 1.6149 -10.3815 -1.1862 1.6141 -10.3924 -1.1198 1.6136 -10.3809 -1.0534 1.6134 -10.3910 -0.9871 1.6134 -10.3857 -0.9208 1.6135 -10.3931 -0.8543 1.6136 -10.3821 -0.7882 1.6143 -10.3982 -0.7217 1.6142 -10.3992 -0.6555 1.6140 -10.3888 -0.5891 1.6146 -10.3758 -0.5236 1.6148 -10.3549 -0.4586 1.6137 -10.3829 -0.3921 1.6135 -10.3850 -0.3260 1.6139 -10.3664 -0.2658 1.6126 -10.4367 -0.1997 1.6171 -10.4299 -0.1400 1.6266 -10.3774 -0.0759 1.6275 -10.3579 -0.0159 1.6299 -10.3051 0.0465 1.6278 -10.3412 0.1059 1.6270 -10.3716 0.1700 1.6282 -10.3532 0.2382 1.6280 -10.3598 0.3047 1.6290 -10.3640 0.3718 1.6303 -10.3667 0.4329 1.6293 -10.3933 0.4996 1.6302 -10.3935 0.5630 1.6340 -10.3723 0.6262 1.6375 -10.3518 0.6909 1.6376 -10.3710 0.7567 1.6382 -10.3818 0.8232 1.6387 -10.3819 0.8896 1.6396 -10.4089 0.9560 1.6404 -10.4034 1.0218 1.6413 -10.3788 1.0882 1.6420 -10.3672 1.1546 1.6427 -10.3586 1.2210 1.6434 -10.3638 1.2875 1.6441 -10.3640 1.3541 1.6444 -10.3842 1.4207 1.6447 -10.3605 1.4871 1.6451 -10.3821 1.5537 1.6451 -10.3599 1.6202 1.6450 -10.3871 1.6869 1.6450 -10.3790 1.7536 1.6450 -10.3797 1.8202 1.6450 -10.3866 1.8868 1.6450 -10.3824 1.9535 1.6449 -10.3847 -1.9856 1.6805 -10.3877 -1.9190 1.6817 -10.3876 -1.8522 1.6825 -10.3875 -1.7856 1.6829 -10.3865 -1.7190 1.6833 -10.3880 -1.6524 1.6836 -10.3841 -1.5859 1.6837 -10.3845 -1.5193 1.6836 -10.3856 -1.4528 1.6833 -10.3835 -1.3863 1.6828 -10.3843 -1.3199 1.6821 -10.3837 -1.2535 1.6813 -10.3891 -1.1870 1.6807 -10.3850 -1.1207 1.6803 -10.3901 -1.0543 1.6800 -10.3879 -0.9879 1.6801 -10.3929 -0.9216 1.6800 -10.3840 -0.8552 1.6805 -10.3966 -0.7888 1.6809 -10.3916 -0.7225 1.6804 -10.3790 -0.6563 1.6807 -10.3954 -0.5905 1.6808 -10.3421 -0.5249 1.6802 -10.3847 -0.4586 1.6802 -10.3868 -0.3921 1.6800 -10.3707 -0.3259 1.6800 -10.3751 -0.2637 1.6793 -10.4560 -0.1981 1.6838 -10.4480 -0.1431 1.6930 -10.3688 -0.0790 1.6943 -10.3518 -0.0163 1.6960 -10.3203 0.0469 1.6946 -10.3431 0.1060 1.6939 -10.3738 0.1710 1.6947 -10.3592 0.2354 1.6951 -10.3406 0.3022 1.6957 -10.3582 0.3686 1.6966 -10.3768 0.4319 1.6965 -10.3969 0.4974 1.6981 -10.4149 0.5599 1.7011 -10.3791 0.6260 1.7029 -10.3653 0.6916 1.7047 -10.3541 0.7577 1.7045 -10.3712 0.8234 1.7056 -10.3903 0.8897 1.7062 -10.3848 0.9561 1.7070 -10.4077 1.0225 1.7074 -10.4014 1.0886 1.7084 -10.3790 1.1550 1.7092 -10.3714 1.2215 1.7100 -10.3642 1.2880 1.7106 -10.3705 1.3546 1.7109 -10.3709 1.4209 1.7112 -10.3842 1.4874 1.7117 -10.3678 1.5538 1.7118 -10.3822 1.6205 1.7116 -10.3706 1.6869 1.7116 -10.3853 1.7536 1.7116 -10.3800 1.8202 1.7116 -10.3833 1.8868 1.7116 -10.3869 1.9536 1.7114 -10.3845 -1.9874 1.7474 -10.3876 -1.9206 1.7485 -10.3876 -1.8538 1.7492 -10.3876 -1.7870 1.7494 -10.3874 -1.7203 1.7497 -10.3856 -1.6536 1.7502 -10.3855 -1.5869 1.7502 -10.3864 -1.5203 1.7501 -10.3859 -1.4538 1.7498 -10.3852 -1.3872 1.7493 -10.3846 -1.3207 1.7485 -10.3871 -1.2542 1.7479 -10.3871 -1.1878 1.7473 -10.3875 -1.1214 1.7468 -10.3890 -1.0550 1.7466 -10.3896 -0.9885 1.7466 -10.3859 -0.9221 1.7468 -10.3919 -0.8558 1.7471 -10.3866 -0.7894 1.7473 -10.3776 -0.7234 1.7471 -10.3911 -0.6570 1.7469 -10.3680 -0.5907 1.7473 -10.3819 -0.5244 1.7470 -10.3842 -0.4581 1.7470 -10.3898 -0.3915 1.7466 -10.3614 -0.3260 1.7467 -10.3788 -0.2624 1.7471 -10.5093 -0.2011 1.7505 -10.4482 -0.1434 1.7598 -10.3778 -0.0775 1.7606 -10.3690 -0.0169 1.7622 -10.3255 0.0468 1.7615 -10.3452 0.1062 1.7609 -10.3755 0.1701 1.7616 -10.3558 0.2349 1.7619 -10.3393 0.3015 1.7625 -10.3348 0.3661 1.7633 -10.3802 0.4297 1.7638 -10.4002 0.4952 1.7654 -10.4236 0.5608 1.7673 -10.4100 0.6249 1.7695 -10.3695 0.6909 1.7710 -10.3612 0.7573 1.7715 -10.3506 0.8234 1.7721 -10.3732 0.8896 1.7731 -10.3983 0.9560 1.7734 -10.3824 1.0226 1.7739 -10.4048 1.0890 1.7749 -10.3955 1.1553 1.7757 -10.3786 1.2218 1.7765 -10.3741 1.2882 1.7772 -10.3704 1.3548 1.7775 -10.3751 1.4212 1.7779 -10.3764 1.4875 1.7783 -10.3835 1.5541 1.7784 -10.3739 1.6207 1.7782 -10.3826 1.6872 1.7783 -10.3784 1.7537 1.7783 -10.3845 1.8203 1.7783 -10.3818 1.8869 1.7782 -10.3854 1.9535 1.7780 -10.3863 -1.9884 1.8142 -10.3876 -1.9217 1.8151 -10.3876 -1.8549 1.8157 -10.3876 -1.7881 1.8160 -10.3875 -1.7212 1.8163 -10.3868 -1.6543 1.8167 -10.3867 -1.5877 1.8168 -10.3863 -1.5210 1.8167 -10.3860 -1.4543 1.8163 -10.3859 -1.3877 1.8159 -10.3867 -1.3212 1.8149 -10.3876 -1.2547 1.8145 -10.3877 -1.1883 1.8139 -10.3879 -1.1218 1.8134 -10.3874 -1.0554 1.8133 -10.3862 -0.9890 1.8133 -10.3869 -0.9227 1.8134 -10.3875 -0.8563 1.8139 -10.3768 -0.7901 1.8137 -10.3987 -0.7237 1.8138 -10.3834 -0.6574 1.8135 -10.3881 -0.5910 1.8139 -10.3800 -0.5248 1.8139 -10.3936 -0.4584 1.8135 -10.3787 -0.3919 1.8132 -10.3651 -0.3260 1.8140 -10.3858 -0.2657 1.8136 -10.4951 -0.2017 1.8173 -10.4504 -0.1410 1.8263 -10.3979 -0.0824 1.8278 -10.3480 -0.0182 1.8286 -10.3295 0.0465 1.8282 -10.3459 0.1059 1.8277 -10.3767 0.1712 1.8283 -10.3621 0.2348 1.8286 -10.3390 0.3013 1.8291 -10.3250 0.3648 1.8311 -10.3638 0.4272 1.8314 -10.4074 0.4932 1.8323 -10.4274 0.5600 1.8344 -10.4288 0.6265 1.8360 -10.4257 0.6898 1.8376 -10.3637 0.7564 1.8382 -10.3631 0.8229 1.8389 -10.3486 0.8893 1.8397 -10.3745 0.9558 1.8401 -10.4022 1.0223 1.8405 -10.3815 1.0888 1.8415 -10.3983 1.1552 1.8423 -10.3880 1.2216 1.8431 -10.3762 1.2882 1.8439 -10.3739 1.3548 1.8442 -10.3742 1.4213 1.8445 -10.3782 1.4878 1.8450 -10.3794 1.5543 1.8450 -10.3834 1.6209 1.8449 -10.3790 1.6874 1.8449 -10.3826 1.7540 1.8450 -10.3809 1.8205 1.8449 -10.3859 1.8872 1.8448 -10.3842 1.9539 1.8446 -10.3870 -1.9887 1.8810 -10.3876 -1.9220 1.8817 -10.3876 -1.8553 1.8823 -10.3876 -1.7885 1.8827 -10.3876 -1.7217 1.8830 -10.3873 -1.6549 1.8833 -10.3870 -1.5881 1.8833 -10.3866 -1.5214 1.8833 -10.3865 -1.4547 1.8829 -10.3858 -1.3881 1.8825 -10.3870 -1.3217 1.8814 -10.3879 -1.2552 1.8811 -10.3867 -1.1888 1.8804 -10.3869 -1.1225 1.8799 -10.3878 -1.0561 1.8801 -10.3831 -0.9896 1.8799 -10.3866 -0.9231 1.8802 -10.3877 -0.8567 1.8805 -10.3778 -0.7903 1.8805 -10.4010 -0.7242 1.8805 -10.3765 -0.6578 1.8801 -10.3842 -0.5914 1.8805 -10.3862 -0.5250 1.8805 -10.4041 -0.4589 1.8801 -10.3751 -0.3924 1.8798 -10.3695 -0.3263 1.8813 -10.4061 -0.2627 1.8807 -10.5001 -0.1953 1.8850 -10.5408 -0.1474 1.8932 -10.3701 -0.0820 1.8936 -10.3578 -0.0195 1.8955 -10.3290 0.0449 1.8950 -10.3486 0.1052 1.8946 -10.3767 0.1703 1.8949 -10.3630 0.2346 1.8967 -10.3328 0.3001 1.8971 -10.3137 0.3668 1.8995 -10.3071 0.4272 1.8986 -10.4160 0.4922 1.9004 -10.4573 0.5586 1.9015 -10.4505 0.6246 1.9027 -10.4247 0.6897 1.9041 -10.3769 0.7561 1.9048 -10.3639 0.8226 1.9055 -10.3664 0.8890 1.9064 -10.3607 0.9554 1.9067 -10.3770 1.0220 1.9073 -10.3954 1.0885 1.9080 -10.3836 1.1550 1.9090 -10.3892 1.2215 1.9098 -10.3810 1.2880 1.9105 -10.3753 1.3545 1.9109 -10.3759 1.4211 1.9112 -10.3785 1.4877 1.9117 -10.3797 1.5543 1.9118 -10.3802 1.6209 1.9116 -10.3841 1.6875 1.9116 -10.3834 1.7541 1.9117 -10.3839 1.8209 1.9116 -10.3829 1.8876 1.9116 -10.3872 1.9544 1.9113 -10.3869 -1.9893 1.9476 -10.3876 -1.9226 1.9483 -10.3876 -1.8558 1.9489 -10.3876 -1.7889 1.9493 -10.3876 -1.7221 1.9497 -10.3875 -1.6553 1.9499 -10.3873 -1.5887 1.9498 -10.3875 -1.5222 1.9499 -10.3875 -1.4558 1.9496 -10.3871 -1.3895 1.9493 -10.3871 -1.3230 1.9478 -10.3872 -1.2566 1.9479 -10.3865 -1.1904 1.9472 -10.3872 -1.1241 1.9464 -10.3889 -1.0581 1.9468 -10.3789 -0.9921 1.9466 -10.3870 -0.9259 1.9469 -10.3885 -0.8598 1.9471 -10.3823 -0.7937 1.9473 -10.3858 -0.7275 1.9470 -10.3919 -0.6613 1.9467 -10.3837 -0.5951 1.9471 -10.3882 -0.5289 1.9473 -10.3912 -0.4626 1.9467 -10.3758 -0.3963 1.9463 -10.3824 -0.3302 1.9478 -10.3752 -0.2654 1.9465 -10.4672 -0.1975 1.9519 -10.5499 -0.1548 1.9594 -10.3033 -0.0851 1.9602 -10.3549 -0.0207 1.9622 -10.3311 0.0404 1.9612 -10.3585 0.1058 1.9617 -10.3748 0.1716 1.9619 -10.3773 0.2382 1.9603 -10.4032 0.3003 1.9650 -10.2998 0.3654 1.9681 -10.2585 0.4285 1.9653 -10.3920 0.4926 1.9670 -10.4641 0.5586 1.9673 -10.4075 0.6250 1.9694 -10.4315 0.6894 1.9710 -10.3441 0.7559 1.9714 -10.3736 0.8222 1.9721 -10.3630 0.8886 1.9731 -10.3743 0.9551 1.9735 -10.3748 1.0216 1.9739 -10.3829 1.0881 1.9746 -10.3879 1.1546 1.9756 -10.3856 1.2211 1.9764 -10.3764 1.2878 1.9771 -10.3767 1.3545 1.9776 -10.3752 1.4207 1.9775 -10.3972 1.4874 1.9784 -10.3802 1.5541 1.9785 -10.3817 1.6208 1.9784 -10.3829 1.6875 1.9782 -10.3851 1.7541 1.9783 -10.3857 1.8210 1.9783 -10.3870 1.8878 1.9783 -10.3871 1.9545 1.9779 -10.3875 '/>
        </IndexedFaceSet>
      </Shape>
    </Transform>
  </Scene>
</X3D>
